-1.224003964476451323e+00,-2.823671409111230268e-01,-8.923043493956320238e-02,8.711612447169793105e-01,-1.366793669689896795e+00,5.610555066070348484e-01,1.801974762596146307e-01
-9.067182397936613958e-01,-5.689032879796309672e-01,2.283185848368537718e-01,5.967481267772956066e-01,-1.519216458565818773e+00,6.359501799031065383e-01,7.275121923336786978e-01
7.130550322394894058e-01,-1.621159588695264109e+00,5.528876427165564378e-01,-2.365122494047140755e-01,3.053736586650421247e-01,-1.465397006444034478e+00,-2.642175353959678730e-01
9.910513105317937665e-02,-1.066684204760338650e+00,2.745099656076948058e-01,-6.438575319815188491e-01,-2.367756681502573568e-01,4.360221610435224826e-01,-1.187361665106901665e+00
-1.597293484264448393e+00,8.802889720900927695e-02,-4.033138394970646190e-01,1.218983775175582096e+00,-1.092936403156932856e+00,-5.552354430910707572e-01,-6.211194852039512299e-02
1.954825546022070371e-01,3.044221015183499190e-01,-1.273061466438283773e+00,5.430170349161162591e+00,4.219780242746883125e+00,7.745658829333401663e-01,1.938055350704545043e+00
2.254898098085732494e-01,-1.088844782202922801e+00,1.554600049632136605e+00,-1.549655813998477960e+00,-3.244362324660116648e-01,-3.988418367018424782e-01,1.627233707332928603e+00
1.778425434803602712e-01,-1.703987750722048888e+00,5.443457652706155114e-01,5.836577310723175538e-01,-1.578820459371254703e+00,-3.459451952127474694e-01,1.259900255376614986e+00
-2.135142708106161358e-01,-8.217568212142669637e-01,5.265022811489484811e-01,-7.936875345009941629e-01,1.085460862633978174e-01,1.303140042344863581e-01,7.817515438241848247e-02
-9.089793435783648512e-01,-4.908555662858294366e-01,-2.374078454144269712e-01,1.424120599222615358e+00,-1.099563899326436056e+00,-4.178402640530485823e-01,-3.716677170847592082e-01
2.723881039675609905e+00,2.658664767428811526e+00,1.491177139537089191e+00,7.147305286992434725e-01,8.292677742138708508e-02,-1.422102417840584332e+00,-1.310649050899975965e+00
-1.660808469609274862e+00,9.920379543293876834e-01,-7.834489337646827201e-01,-4.082510189068701001e-01,3.743704710190481899e-01,3.774010627415831376e-01,-1.143395864563373276e+00
5.730289158440858566e-02,-2.678608980153987518e-01,9.454130479040714352e-01,-5.020708047749077307e-01,4.751661956666166087e-01,2.997795402970093726e-01,5.153358974509812951e-01
-1.842501850303690514e+00,1.118063094279120540e+00,-7.312209682730060889e-01,-1.986955025854349743e-01,7.143564643341805409e-01,1.223077650792389726e+00,-1.109826877976066273e+00
-2.023331586324303100e+00,1.415724705963627095e+00,3.024541425572538356e-01,-1.374711331142094650e+00,2.651256181007405344e-01,5.120901223131764102e-01,1.337602060212050414e+00
-1.436727787973980375e+00,3.926020599557141777e-01,3.612819394849468152e-02,-8.802670624416902845e-01,2.779186471733690045e-01,-2.385753673606950120e-01,2.608758620273324280e-01
-8.591770933388818143e-01,-4.123301350276802335e-01,-6.604628179223613615e-02,-1.911706777565174431e-01,6.280827186666059214e-01,-1.904659211802013807e+00,-2.690451801571573376e-01
-5.006445131476052746e-01,1.069540591534403617e-01,-3.993372843084664336e-01,4.244652910562378700e-01,1.151704799593626039e+00,1.652235835469617831e+00,-1.225448299217116954e+00
2.436519653919017314e-01,-1.318118922573703999e+00,6.836387677822671760e-01,-3.958397124545899315e-01,7.865471223469201467e-01,-6.484075859063447300e-01,1.005659521006302182e+00
9.281685703083685235e-01,1.864488512577563650e+00,-2.389570716382286797e+00,3.702332601312233185e-01,-2.039183460279702320e+00,1.015436624368995178e+00,6.070049943664216352e-01
4.257378780101526705e-01,-1.401222738318420813e+00,2.733208038277110119e-01,-1.273867098430473549e-02,7.771117989143532245e-01,-1.103930021290036034e+00,1.370218996078245537e-02
1.263308235159814163e+00,-2.123832670387845845e+00,7.181055473411097623e-01,7.449152686492254150e-01,-1.631727178857623750e+00,1.172069857096687873e+00,9.056532218763680975e-01
2.558393461563766569e-01,-1.371224074809443971e+00,4.448337800794208152e-01,1.492349582073591696e+00,-1.143429930333197397e+00,-1.150868752317638410e+00,1.272886048033877171e-01
-1.522849594283591790e-01,-7.191381937051340989e-01,4.069132580733380022e-01,-3.303500859134258505e-01,5.897365895218454890e-01,-6.288562365170777824e-01,1.776382685159857144e-01
-1.453921998939269766e+00,8.964747572298283895e-01,-3.349866674014789769e-01,-2.658412215262329070e-01,3.743867975087424305e-01,7.259347203172171747e-01,-1.377213263602870663e+00
-1.395855756434639217e+00,4.481980334880763528e-01,-5.544688590274832879e-02,-9.635282417593322712e-01,1.371993543275137062e-01,1.005156846679180482e+00,-1.173671263668716186e-01
-1.340754626805810812e+00,5.696425468365921008e-01,-1.898132230966945999e-01,-6.763649443717288934e-01,3.835033432354447158e-01,9.595936158398409022e-02,-8.505209822393172692e-02
1.572564106327699607e+00,-1.986143431474178156e+00,3.567414649034147400e-01,-3.474928130260681036e-01,-3.518360453478787397e-02,-1.003275670169667233e+00,-5.837333519340234256e-01
1.528627132336687566e+00,3.610620623328958612e+00,-3.834267853271210225e+00,-1.896654335910050504e+00,3.497603676242505566e-01,2.628117957073885513e-01,3.910850097105086576e+00
-1.657266341024097756e+00,8.731386863760640660e-01,-3.190060029577340139e-01,-5.389414386729718398e-01,1.781407201634423454e-01,3.960031114810521058e-01,-1.156789892345616577e+00
-1.535729965439069034e+00,3.545797197948694635e-01,5.779117536444798864e-01,-1.244713903972399116e+00,5.207647201174080420e-01,-1.294767491039116702e+00,2.137175656975643712e+00
2.082183238642526746e+00,-2.472234147212124533e+00,4.287241898227623360e-01,8.979566872807641653e-01,1.387837189554676609e+00,-1.181187642889423677e-02,-5.014753090414836301e-01
3.194936732478128039e-01,-1.063657184994938332e+00,5.723742879044502185e-01,-1.097789107454289370e+00,-2.970594250012066895e-01,8.665861476944002328e-01,-7.730237484942963436e-03
-1.134760341658497484e+00,1.200330767232214574e-01,1.429615344405155974e-01,-7.328412149778615881e-01,3.251975972791101843e-01,-2.996756136358753042e-01,1.244163913907845587e-01
-1.077313591476934729e+00,5.902427288383029769e-01,6.377599357268631808e-02,-6.494778793592069777e-01,3.679785326892967556e-01,1.748658182885873380e+00,-3.362974819683491323e-01
3.629297914190718011e+00,7.596203029542346608e-01,2.692222863563559887e+00,-6.747640400509502534e-01,-9.051302276687424042e-01,7.444330289860684458e-01,4.231468846638955505e-03
6.606395639021294119e-01,-8.964240822972258105e-01,-4.625657877457207134e-01,8.369489064738225848e-01,1.427014469649349859e+00,5.579810418255212040e-02,-9.467266259961504282e-01
-1.741619884026939236e+00,5.212501946816172627e-01,-2.282882472595139101e-01,-5.703915832125304730e-01,6.032237722362119303e-01,-8.310455012614954562e-01,1.359389917287846250e-01
-5.933712824140001674e-01,-2.326059676080967920e-01,-1.655819288099498465e-01,-1.876002720062063256e-01,4.846412991746542609e-01,4.475228864251098448e-01,-9.887460949291487777e-01
-1.301364368883319189e+00,5.685665168073339437e-01,-6.496818372688852872e-01,-2.336329053004549960e-01,5.651473468614345297e-01,-5.970778760529251716e-01,-7.986767167015321744e-01
2.339372039405920034e-01,4.378609892354057842e-01,-2.539601404662972239e-01,-5.095404311658801033e-01,3.663391651500447765e-01,-1.097049694942854536e+00,4.320454879581853702e-01
-1.891389965491809544e-01,5.096751977730883398e-01,-2.091227793451756745e-01,6.133763393845764744e-01,1.428605266699655374e+00,-2.076793268435642714e-01,-3.732959345826104003e-01
9.622397413905966479e-01,-2.566204827060440952e+00,9.915229132193437156e-01,8.887083607891680392e-01,-1.464411656836416054e+00,-8.854047882142042081e-01,1.206206970235586873e+00
-1.342288043089942540e-01,-9.791286703911260547e-01,3.062984504043241851e-01,-4.263048994696017058e-01,3.558246234608672398e-01,-8.067904502683606038e-01,-1.602556326891507177e-01
2.108940454069263559e+00,-9.140052054574506757e-01,-6.968875427333381944e-01,-5.913299973191700198e-01,-2.707072270866371366e-01,5.231030947644973450e-01,-6.681224959268126096e-01
8.088223169565247339e-01,-7.014402827176716149e-02,-9.784105187739611242e-02,1.531234890548953953e-01,7.610025360292521635e-01,9.093770092161935770e-01,-5.667110548068949871e-01
-2.577353911753118787e+00,1.113341687627155130e+00,-6.588692717779496277e-01,9.560281670514061414e-01,-1.026972294607157332e+00,2.042929008399488600e-01,2.566626962961818803e-01
3.121156730232215182e+00,1.155452227746476490e+00,-2.878969359011339879e+00,-2.575580335386095099e-01,-4.372528549673702081e-01,-9.640657758909566555e-01,-1.415436345826505127e+00
-4.413854008944511631e-01,-9.610446584184686447e-01,2.396538719429165409e-01,9.399153568237581524e-01,-1.397137825503087294e+00,1.538239345586772944e-01,3.743545354604529973e-01
2.964057341001427481e+00,-2.397795615064670205e+00,4.633385394741323937e-01,-1.378223006182636823e+00,-1.185998114324019026e+00,2.074371466902181105e+00,-5.972048213280701789e-01
5.392707304238292254e-01,-5.309310124645298945e-01,-3.819968788759455225e-01,2.286469566113096819e-01,6.483301083530318421e-01,-5.643671741860486479e-01,-1.037719754986738296e+00
3.752628676758006376e-01,-3.743032649170661141e-01,7.451175282176145664e-01,-5.241108975531918457e-01,2.478365043561124303e-01,1.172186538022931712e+00,-8.368896438471271071e-02
7.401328312326326264e-01,-1.556780150150976372e+00,1.117679255032594909e+00,-1.673292981410904323e+00,-7.521944551495549636e-01,2.097887122417847028e+00,4.512999900494017447e-01
1.217620740776557131e+00,-2.106122294436835407e+00,1.311956510155306121e+00,-1.415529151517004092e+00,-6.718127371046839214e-01,1.887343206513371063e+00,2.011205967675462336e-01
-1.295056797264280801e+00,1.041379327734792026e+00,-4.822773218045069976e-01,-1.219826721733799246e+00,-2.804850953935383168e-02,8.893082402375017681e-01,2.276051550556967007e-01
-1.537408804459831302e+00,5.128773078261059659e-01,4.508567203429225123e-01,-1.363613201796647134e+00,1.562527270205687213e-01,5.774822255354143952e-01,1.172359493619839155e+00
-9.738155931392246112e-01,1.763104109831562794e-01,3.576064353146391622e-02,-4.520373773151026842e-01,3.407078896755199038e-01,-3.115558390831088542e-01,-5.241876456159177966e-01
-2.399913350757660879e+00,1.641361786161084524e+00,-9.580575084789941243e-02,-9.401253045166780842e-01,4.365845125860106646e-01,1.331430820855384889e-01,4.248621320142438318e-01
5.440555328997295215e-01,-1.399938048360516607e+00,9.684029087948127223e-01,-8.180760567032925312e-01,-4.937491479171360158e-03,2.174572305958331342e-01,2.576265583171470364e-01
-1.497013171857790148e+00,8.743127090512664568e-01,-8.671675139851878211e-02,1.581227582796348896e+00,-1.055300739829590384e+00,-4.064347194152135856e-01,-6.831356057223583189e-01
1.475699014979194867e-01,-1.047070401055020472e+00,2.907347214389031098e-01,-4.312358916449362534e-01,3.475076141350194048e-01,-1.506180534653960512e+00,1.053112013328954127e-01
-8.048419273900269122e-01,-6.650919832618068517e-01,1.172719652075277091e-01,8.400187116597500614e-01,-1.394552961148855852e+00,2.658449293351199949e-01,4.590971769373470290e-01
9.630595210492159941e-01,6.980549388248442899e-03,1.413366301409567372e-01,-2.436632832885758659e-01,-1.650397013488659123e-02,-1.078629421418473955e+00,-8.100994504889423853e-01
-2.104070904204341286e+00,1.273870486364868659e+00,-6.598601858311661794e-02,-1.096592595819128935e+00,3.759565821549298859e-01,1.120647852355237450e+00,5.789343822627708303e-01
-9.244859567467490491e-01,2.281556710743113392e-01,-3.194639679646747998e-01,-5.731542114851221337e-01,2.471403424405418658e-01,2.577509966361369448e-02,-5.699038706474049976e-01
9.116946498853981673e-01,9.945861081774320933e-01,4.033232081895329335e-01,3.355634948227226300e-01,1.082986128668310899e+00,-5.812197082245015162e-02,3.287505138263659421e-01
-1.402245226159600788e+00,7.461238988341168943e-01,2.131677268355440524e-01,-9.380770855077104065e-01,6.290995471522722315e-01,1.705606692165583027e+00,9.810379079992019857e-01
-1.873159140091231079e+00,1.433498842080792590e+00,-1.010758391981554594e+00,-1.284221586132248127e-01,8.939628032025109805e-01,6.590388567165387235e-01,-7.813849972977993108e-01
-2.699661141647716533e+00,1.766852407818714443e+00,-1.168984293052094392e+00,4.842284071206663654e-02,1.014935534027960218e+00,-2.048189697526834330e-01,-1.197799350465866386e+00
-6.692648502817428735e-01,-5.852715588563848353e-02,-3.302751194884803038e-02,-4.117953218612139255e-01,4.192739308672755461e-01,5.134651502386265026e-02,-4.291971281240398728e-01
3.851143608098431148e+00,2.682898762517142099e+00,-3.507815110789794133e+00,-1.922348521129655818e+00,-1.238717002009096291e+00,3.011364610863261904e-01,1.325471331104136175e+00
2.573522541325572011e+00,6.352877993708309745e+00,5.176887675321853344e+00,8.730927511267044805e-01,1.202289932964755031e-01,-6.734982582503384885e-01,-1.302673984849976041e-01
1.153412407400587897e-01,-4.005246917122236017e-01,-4.200829254375355037e-01,1.789672104904509675e+00,3.177950169616430731e+00,4.941224840899882675e-02,5.838946715371908791e-01
-1.212411324135562074e+00,6.063837769468720662e-01,-1.858237540367605467e-01,-4.012310310554504933e-01,5.170356127024470227e-01,1.608594270058195219e+00,-7.486506131876707881e-01
3.931790295278897673e+00,-1.164883592894939923e+00,-1.396970267309940672e+00,1.978312721184152800e-01,8.481145848371507423e-01,5.343548321537033852e-01,5.992014664802692847e-01
-2.974406465169647240e-01,-6.437276584137811009e-01,1.434767557129597026e-01,-4.603458369049663323e-01,1.855287719842838579e-01,1.343682222827977391e-01,-7.490111467341584728e-01
2.511473532422362487e-01,-1.080409678535222184e+00,1.297448900865859067e-01,-2.024959839004025208e-01,4.341947680702614165e-01,-1.587270431180038299e+00,-2.800885198980874180e-01
-1.352281959127210435e-02,-1.329152964691655336e+00,3.002899520752438378e-01,7.434639852341169419e-01,-1.735151711410561459e+00,1.683679324008534817e+00,-7.599424862016851412e-02
-1.460518589986070870e+00,4.868291722014229939e-02,-3.159444040496177664e-01,8.732569402043272033e-01,-1.391912905204312656e+00,8.913173127070630475e-01,-8.308380746092720870e-02
-1.748282683347476052e+00,6.494123267279384992e-02,-1.135992056551952401e-01,7.876405292757042709e-01,-1.070911315771284844e+00,-8.494872931176176145e-01,1.201427919181416781e+00
8.374673449903428102e-01,-2.084568745736839368e+00,6.134427776042358227e-01,1.212080386367244467e+00,-1.450196949903305166e+00,7.705728373875712078e-01,-5.882661961216283097e-02
-1.759714727039255466e+00,8.073658798154186023e-02,-1.503231621848185873e-01,8.907139781942660095e-01,-1.087955235974200630e+00,-1.099911321617596860e+00,9.310322718384724805e-01
-1.661679598454522289e+00,9.893893293226195818e-01,3.365658047382316057e-03,-8.542255855722258318e-01,3.310408763619561157e-01,1.143556413539995598e+00,1.367311221253725631e-02
3.733547268280185127e-01,-4.734718090486047526e-01,8.272442023319772630e-01,-6.789585811973513074e-01,-3.060727426538864190e-02,1.882832208579402922e+00,-4.904520775853942749e-01
-6.902969071212801400e-02,-1.349700739010377459e+00,2.657686609388867360e-01,1.015350702842665376e+00,-1.570642390814142475e+00,9.319719965011669105e-02,-1.086735551251413467e-01
-1.652578502660706494e+00,2.309838531341795176e-01,-5.521187591361466085e-01,1.400733950412081041e+00,-9.073493694351436600e-01,-7.131026497951888921e-01,-1.126969146789355974e-01
-2.055299674040781177e+00,7.644376576307116977e-01,-7.543346655216135455e-01,1.358559058169768852e+00,-9.568107702080055343e-01,3.792611079260490015e-01,-5.173372431610764322e-01
3.509535862781325566e+00,2.883607631248529812e-01,-2.516561295890176631e+00,-1.493750761673646066e+00,-1.018596538295880816e+00,7.016609010261197488e-02,4.343926102184226257e-01
-3.248358291206898119e-01,-6.211738283543623007e-01,3.427725331338677961e-01,-7.533323845011358211e-01,2.116978691592565354e-01,-1.881944586224171823e-01,2.149926499637583033e-01
3.204431330367693231e+00,2.315684056292830029e+00,-9.701460891139286336e-01,-1.314457133273378098e+00,-7.267532171785932027e-01,-3.159763704612311708e-01,1.391160264275061120e+00
9.435869261897067428e-02,-3.055561820989299848e-02,8.725187837448554751e-01,-4.854820817460233640e-01,1.967907528328930455e-01,8.441597955000503806e-01,-2.869134762419876528e-01
9.072335257755497206e-01,-1.413256114424703558e+00,5.164365511475659254e-01,-3.383754457000023863e-01,1.214234580026668231e-01,2.220644321179194303e-01,-6.770373675554366422e-01
-2.203615417134148657e+00,1.102213545993852017e+00,-1.458811386402007748e-01,-1.039365658717982255e+00,3.152863157201820088e-01,2.152684255898978591e-02,4.099659127673608294e-01
5.691282727399627817e+00,3.158356419043276020e+00,-6.088925291659601058e+00,-1.184713499373731382e+00,-1.126171914870973678e+00,5.444585897376938988e-01,-1.686881446273515994e-01
8.621734464811479093e-01,-1.487542419230631907e+00,-5.909740492253210409e-01,1.553451902868905554e+00,-1.482267885949745123e+00,-1.065952331643955420e+00,-9.065647453000789113e-01
-1.589443710912401109e+00,1.069769821188095937e+00,-3.210706021189154574e-02,-9.640269721282570536e-01,3.655046676143537399e-01,1.460247205842647888e+00,3.617713131480310151e-01
-1.462744233424917883e+00,3.907419056867274254e-02,-2.494978219571147016e-01,8.530177367940310340e-01,-1.238530133858775528e+00,8.081368434672734358e-01,3.786134043020342177e-01
-7.665345837036257048e-01,-8.864414272077205670e-01,-5.138498128619801986e-02,1.325698068148367659e+00,-1.040148516101874199e+00,-1.163878306717596622e+00,2.507276328197021176e-01
-1.011882520241223382e+00,4.250392995364449256e-02,5.611758884049324048e-02,-2.942382578450140063e-01,7.832613950654490065e-01,-1.452004843266777590e+00,3.306883260391206836e-01
-5.662534587225749316e-01,-2.124106951819956512e-01,-1.533205168375053329e-01,-2.783145443854229684e-01,1.851902452269372223e-01,4.975827296889444029e-01,-1.462845853977071675e+00
-3.010620056130868250e-01,3.323720674370591599e-01,-4.020533111855404407e-01,3.009659865166222747e+00,6.347499585938725097e-01,9.669270337984691155e-01,-2.985728728929230025e-01
2.668216461555104613e-01,-1.320400484707942912e+00,4.836348257446918542e-01,-2.369896450490895923e-01,3.995827997841755463e-01,-1.615210323079177890e+00,-1.947391267010656901e-01
2.376466639005300863e+00,-1.703400778485342881e+00,-5.234406653923646957e-02,3.368420051620443778e-01,9.093425678770072906e-01,6.658433542249875270e-02,-1.867414132348842876e-02
-1.267442411932883317e+00,7.518310409309806805e-03,-6.232485970049684854e-01,1.511723524849485356e+00,-9.349506523405541891e-01,-8.842956353372405376e-01,-3.109195720265463536e-01
-1.191192910729695909e-01,-1.053567553984877891e+00,7.089190492303694136e-01,-1.049853253700011368e+00,1.085227136867921716e-01,-4.546387102211410514e-01,9.455649160380641405e-01
2.063344695794662620e+00,-2.316330270080541265e+00,4.762848405878121194e-01,2.055625289734383188e+00,-3.782267496385628980e-01,6.266993774029155917e-01,8.419418291602872584e-01
-1.944906064951866131e+00,4.584930935472855684e-01,-7.050516262027337611e-01,1.399569135641096418e+00,-9.438320052136742744e-01,-5.651449066982758840e-01,-3.818031710273152024e-01
1.142848094407100806e-01,-1.363097295840289158e+00,8.873370046581803283e-01,-1.247952749119473959e+00,-1.978376486498011344e-01,5.848656287684295824e-02,7.398065790741789050e-01
-2.739067482353725325e-01,-1.224475171542278140e+00,6.320259551376839965e-03,1.464809824258618276e+00,-1.153548981657025685e+00,-1.059991607736688213e+00,-2.167581618405591826e-01
8.116076285658936351e-01,3.045126086051812564e-01,-4.152383460716121966e-01,-7.171684234412677439e-01,-1.373255004177337257e-01,1.078406436340973995e+00,-4.702316179358649317e-01
8.816475776040776091e-02,7.662090328115748195e-01,-3.031720851211110457e-01,-5.001043223011096828e-01,5.639923123556463969e-01,-1.109993640813938143e+00,8.597309266248389648e-01
-1.673658434405099982e+00,5.394436255386779733e-01,-1.383759073723224153e-01,-6.544819746586743037e-01,4.577850314896712014e-01,-8.660066847324051631e-01,7.762199643366499147e-02
2.428849166404097648e+00,7.410774425079186267e-01,-1.608719183296251298e+00,-5.694068691725469034e-01,-4.306469256356644237e-01,-3.005022310106388872e-01,-7.467854911237661319e-01
6.325104526029053931e-01,-1.205792594704684140e+00,7.799809355912904474e-01,-9.580114454686879943e-01,-2.500071058031717586e-01,2.896673869991211792e+00,-5.022522428017934804e-01
1.423499088090745879e+00,-2.363136535935287164e+00,8.454967797659828088e-01,-2.739218264690487792e-01,1.527424457318502515e-01,-4.738921691722016161e-01,-4.406965268675203107e-01
-1.735125554941733261e+00,1.113544728461379085e+00,-3.032951618753112477e-01,-7.629908313653006591e-01,4.305954515144527206e-01,-3.012735004665529348e-01,2.092728547572355047e-01
4.334178915919012276e+00,3.156176897387505953e+00,-2.722337050912075007e+00,-2.855393877659542223e-01,-1.278897325482967862e+00,-4.806280106740256075e-01,-2.487073132673283116e+00
-9.709226176852252532e-01,7.804253796213267425e-01,3.984679663954188156e-01,-6.208265862702261328e-01,6.768447275497836702e-02,-5.935713990067902346e-01,-4.614114760857414010e-01
-1.075175876398587027e+00,1.470321804775901464e+00,2.506181626524181874e-02,2.333355858463272092e+00,4.853681798000641229e-02,-4.377767739289825100e-01,3.300159496410775550e-01
1.287287290893593728e+00,6.720300230436917488e-01,-3.310283324482250489e-01,2.347928837894107890e+00,7.380592460261706234e-02,2.082708166248797621e+00,7.629213648558602623e-01
1.554623652117623100e+00,-1.857344779883295605e+00,1.895745776991994147e-01,-2.138488348534195171e-01,-1.637232494626681897e-02,7.196849506900553084e-02,-1.167749339622461635e+00
3.186468023739282174e+00,1.918478700106391877e-01,-1.628112162746421898e+00,-9.930440445278108097e-01,-6.019077574937782282e-01,-5.495137717639733133e-01,3.081616120851275453e-01
1.737522926977477233e+00,-3.336419983619051677e-01,-1.013580396351647650e+00,-5.555252645707402515e-01,-1.491987006626056649e-02,-4.623498964309478709e-01,-1.288966453029890269e-01
1.654332307746210207e+00,-1.964548283012672314e-01,-4.420345195707556796e-01,-6.626859109190792463e-01,-1.693698942548808317e-01,8.614404541670777071e-01,-3.268515855588480234e-01
-9.375201735663952762e-01,2.344763016986532111e+00,6.832093575318264334e-01,1.867734640433208262e-02,8.188382192951292327e-01,-2.741433272514547381e-01,-4.183651643886920901e-02
-1.098225306769870624e+00,2.353123064660890829e-01,-1.722956507468513809e-01,-2.563943164555539944e-01,7.465088082260169511e-01,-6.031507810978122830e-01,-1.132432662171602572e-01
3.154426757660221181e+00,-1.774715813791632124e+00,-6.873074356321902112e-01,1.108825087043506658e-01,6.915737926178251449e-01,-8.088716017405823688e-01,4.456401591496053638e-01
-9.216876695719092849e-01,-1.649093393761948412e-01,1.209802489482452170e+00,-1.720830585832011206e+00,1.639713701114837302e-02,-1.254078462373719116e+00,2.568480324175995921e+00
1.240732420507024480e+00,-1.491415037585819059e+00,3.099201999921571971e-01,1.202963259299567600e-01,6.118809363463623141e-01,-1.005269693105074857e+00,-3.577671270852331720e-01
-1.467396412102497383e+00,5.259975867977156883e-01,-5.634383979749592042e-01,-3.556646212794242756e-01,4.166343918655524003e-01,-5.348034970325491466e-01,-9.129380726274624047e-01
-1.351949073266303758e+00,2.855103544367422197e-01,4.566335146911719260e-03,-4.135241072281464758e-01,5.888276854328171606e-01,-1.489186188632452446e+00,4.486892415371683540e-02
3.469636471903103092e-01,-7.712224486225097708e-01,5.177318304230027479e-01,-1.900039087399032267e+00,-3.761322210807953037e-01,-7.663889257747524830e-01,2.307676438206918146e+00
1.752663408084172425e-01,-1.109566728070359831e+00,8.449780797278416689e-01,-1.192238379587223340e+00,-2.904181884202648445e-01,7.796536534431155463e-01,2.770544701740237925e-01
-1.459463144941939294e+00,-3.455664965558053470e-01,8.320997679325423113e-02,8.545013372581171662e-01,-9.348174644913038733e-01,-1.431295204708310065e+00,1.609444954974486697e+00
2.007938169761779079e+00,2.680854567931722610e+00,1.964616223070297707e+00,4.616408773368986251e-01,-1.474481898400096733e-02,-1.530196302362778482e+00,-1.068763642905546707e+00
-6.639012862482374100e-01,-6.499037924937905997e-01,-2.015625251002679252e-01,1.285295161529967256e+00,-1.321368405111833733e+00,4.001740214247472283e-01,-6.037268996425061429e-01
-5.566234754703011101e-01,-6.922254272222232441e-01,3.660113473030092157e-01,-6.598308155729951663e-01,3.368121333848467236e-01,-9.110876259578513103e-01,2.976032771468224425e-01
-8.566679067214013621e-01,-1.073322690144455811e-02,8.534437259032984224e-02,-6.013719126167745843e-01,2.421379356565694085e-01,3.606084037489394878e-01,-4.664631553768558425e-01
-9.015790725763297431e-01,-3.935402108428846524e-01,3.090398661548672266e-01,-7.210744637577245486e-01,4.964536237792246953e-01,-1.297718913240970773e+00,7.918269422876845764e-01
-1.493787758118275466e+00,1.277784157763580120e-01,-5.543051695266275614e-01,1.612125099223624458e+00,-8.236110562281392378e-01,-8.696245809732101595e-01,-3.820403291904013177e-01
-2.535739546380670006e+00,1.250577167810921875e+00,-1.106327110790641388e+00,1.707346353350464696e+00,-6.782250236885380978e-01,-4.060031994992707172e-01,-8.671867516627954631e-01
1.749149398552230783e-01,-7.100261386587121137e-01,5.347599146634095246e-02,1.354070256266266536e+00,-9.171522043870217189e-01,9.114088116205764090e-01,5.839602377227108843e-01
7.862770628210851154e-01,-7.601798228358389586e-01,-3.198803604591906602e-01,1.459688355517282599e+00,-1.251516817957295968e+00,2.595175794598275076e-01,-1.950929087437750786e-01
6.130468515406369834e-01,-1.382658175621737096e+00,4.570822837486419044e-01,-5.321397881659449824e-01,-2.379200057887071729e-01,7.703206408346947587e-01,-1.302272251782966572e+00
4.733191380507179025e-01,-1.292591248161937267e+00,5.840266028965758194e-01,-7.608245326470994829e-01,-1.013892585046097389e-01,1.489334295401012476e+00,-5.252595417549801304e-01
3.860393298952374153e+00,7.899246403140752770e-01,-8.210447747211309100e-01,1.138315083814972761e-01,-2.367816303169565928e-01,-1.282961245991551369e+00,-9.415397024139652293e-01
1.461883239095625342e+00,-2.403058002497708290e-01,-1.748039884381545062e-01,7.333704527608735368e-01,1.691008125321141975e+00,5.553085508212606269e-01,4.897537742997646881e-01
7.067556432553360191e-01,-9.181693989884845974e-01,2.517940683385799239e-01,1.718091761917206195e-01,8.397005943231047320e-01,-1.512330313354293576e+00,-1.854137108857004806e-02
3.752628676758006376e-01,-3.743032649170661141e-01,7.451175282176145664e-01,-5.241108975531918457e-01,2.478365043561124303e-01,1.172186538022931712e+00,-8.368896438471271071e-02
-8.193655246448039442e-01,-2.078295195854448496e-01,-5.481837883832426338e-04,8.894960299409467863e-01,-1.718961483559590553e+00,8.292525714792915448e-01,-5.411469172065709321e-01
5.483875890210134774e-01,-1.596109570897170205e+00,8.224195166799558310e-01,-7.548925982931357082e-01,6.709708737713687698e-02,-1.239416899690128360e-01,2.577796654716972835e-01
-1.373907968907291499e+00,4.173998057988272808e-02,-1.840095999662415271e-01,8.692665903143561579e-01,-1.373679664536558542e+00,1.274091501381392488e+00,-2.847009223045882109e-02
3.508626607018815180e-02,-1.075876043110742808e+00,1.377211833262569907e-01,-2.540861404767116513e-02,4.808125550230541445e-01,-1.421848874724135348e+00,-7.810597471408255998e-01
3.264566290076067911e+00,1.395576803866895421e+00,-1.631933598262099494e+00,3.448977311497318232e-01,1.765673540163991695e-01,-1.535851918443524866e+00,-9.364881186946177882e-01
2.194173650327365388e-01,-1.242422653265917498e+00,4.801517105410033626e-01,-5.507179360753101660e-01,1.195027319225781953e-01,-3.901146526801092529e-01,-3.054531980963686721e-01
-5.671986069880932124e-01,4.159992772517329684e-01,-2.290556219866216880e-01,-4.221208883680142021e-01,3.321935661414377461e-01,-3.766595004534398772e-01,-4.393183577699523168e-01
1.868131687646268579e+00,-1.285280472998051371e+00,-4.161786115571541184e-02,7.387892418212526069e-01,-1.768550429843318561e+00,9.436758786229912932e-01,8.720924155967364477e-01
3.950893437431721167e-02,-1.064116302049890495e+00,2.674495797178250145e-01,-4.264060012599480420e-01,2.641546621162721986e-01,-4.675335647602080758e-01,-3.900784420888425141e-01
1.350377074132520228e-01,-1.205260551848298167e+00,6.600220024370473393e-01,-8.073378786010814157e-01,5.206454347502274121e-02,-2.797709819707953627e-01,2.109307529649815660e-01
-1.201695861647030350e+00,-1.006214675094216082e-01,2.733602969161589846e-01,-1.082962139249282529e+00,3.984104827742863120e-01,-1.715907344872938278e+00,1.497765283316214502e+00
-1.803300879553610292e+00,8.442315390889348903e-01,-5.104459850674072374e-01,-5.471385935461201555e-01,6.343988363418687770e-01,-6.892351822800708572e-01,6.777459037519956153e-02
-6.579628167177022924e-01,-7.594546079865158728e-01,-1.052250521447516129e-01,1.177305668102678560e+00,-1.284561019242124402e+00,2.417455764319270672e-01,-1.812394129971756362e-01
5.018615683534495275e+00,9.489485615710828714e-01,-3.387899992043411856e+00,-1.505848362601926338e+00,-1.186242088740573797e+00,3.014194805850822778e-01,6.479519924160670463e-01
1.049794466091694689e+00,-1.770958928175087266e+00,1.011898655689198678e+00,-5.900523968321826906e-01,-4.654654227283750584e-02,-1.849190665650596588e-01,-1.721336085379966130e-01
-1.787934560407951290e+00,1.027615235774961971e-01,-1.404571470624115526e-01,9.132910558716759164e-01,-1.052641458059415447e+00,-9.674280616508880160e-01,9.210735300300955108e-01
-2.743452561225118824e+00,1.239021230653923222e+00,-9.897811746964090274e-01,1.320645464077830677e+00,-7.722839324928149063e-01,-1.579405556509739239e-01,-1.831293222055081771e-01
6.250750824708037889e-01,-1.159561794477832031e+00,3.574822523175328892e-01,-5.253470381295303332e-02,3.295263479622141944e-01,-5.124740532737003251e-01,-9.266275953993927672e-01
2.556179887210158208e-01,-1.313669406601704948e+00,6.284262667032060046e-01,-8.565387651504259292e-01,-1.450145036091898543e-01,5.962249855865745518e-01,-2.864488093984753347e-01
1.192878577551582803e-01,3.852898617454440511e-01,1.080908027880120637e+00,-9.342666204463397905e-01,5.855158889890201696e-02,7.937618558504739852e-01,7.445238080922842450e-01
-8.215134899063902818e-01,7.084991249805844271e-01,-4.064927852696182398e-01,3.716020727935899770e-01,7.641649832020840361e-01,-1.697508349233946001e+00,-1.369811288654018133e+00
-1.838586505776670821e+00,7.516157974096064898e-01,-7.597425341933607135e-02,-9.153607613550159838e-01,4.545031534283918706e-01,-7.931458642270229342e-01,7.279422318421558957e-01
3.376391586795855382e+00,-2.474514534783708308e-01,-1.677631545836543170e+00,-1.024394080341793245e+00,-7.633115836376909158e-01,4.470075391431646006e-01,-2.044495921791016080e-01
1.075962456288144464e+00,-1.945397821752320233e+00,6.843654947411923484e-01,-4.436282210672197746e-01,1.953173856264978081e-01,-6.019751038086009753e-01,5.260093071840600066e-04
-7.561287066899735620e-01,7.142806542935231651e-01,-8.598804177194821485e-02,2.236650674796886396e+00,1.954176963102778886e-01,-4.326771982984061599e-02,8.541838780649291252e-01
-8.467507953086227390e-01,-3.938751840125320758e-01,2.845890707533285102e-01,8.017055024622329329e-01,-1.436649746733999589e+00,1.924646998120368158e-01,5.496538639082044764e-01
-4.135955148468951625e-01,-4.468499948532678179e-01,1.789258908664035086e-01,-8.609641445462954401e-01,-9.267967961543199795e-02,8.918441327831763132e-01,-5.227423662846107932e-01
-9.210569616305800400e-01,2.324340708410642109e-01,2.552722521778733045e-01,-6.201507666318011314e-01,4.825706648378115249e-01,-1.253443645908524307e+00,5.670206668867359134e-01
-1.262724718239715660e+00,2.629933358452836156e-01,-8.468226418661693733e-02,-5.362305266682048099e-01,3.595974542650141603e-01,-5.173548494161959166e-01,-3.765021956403248327e-01
-3.739026769541431428e-01,-7.354512728057224225e-01,4.004606234505896922e-01,-6.985370614044003057e-01,1.824393194842511556e-01,-3.345608511053453915e-01,1.261249095541559784e-04
-7.237703360979167444e-01,-4.107155674615646790e-01,-5.177207857701558724e-02,-3.898373677492568690e-01,3.591425370833070674e-01,-5.107842410328761185e-01,-6.103765842619928161e-01
-1.513837236820615884e+00,-1.825938842939519788e-02,-6.079475575243857843e-01,1.733998750471351213e+00,-5.923064898561370972e-01,-2.128798432551304298e+00,6.486101040383231153e-02
-1.804021851092421080e+00,1.212918421866535867e+00,-3.825136722598982963e-01,-1.479919936591716223e-01,1.455991788822153188e+00,1.880259179911278888e+00,5.466221722332164079e-01
3.007863497936999142e+00,-1.825609443700202617e+00,3.296924810284909135e-01,3.326369539630580352e+00,4.653332372458579336e+00,6.309798551076789552e-01,1.338297027226514668e+00
5.797871400090153671e+00,1.735893614491188952e+00,-5.511148070701366031e+00,-1.547193883631108768e+00,-1.268379569458416345e+00,-8.726164307381020224e-01,8.250324728812590269e-01
1.240587653199156426e+00,-1.182564672568165554e+00,3.527473823037012290e-01,-4.343251628997600866e-01,-3.488443162706974989e-03,1.925037903337595557e-01,-5.555521443295977635e-01
-1.374803482822942291e+00,-5.138040198298424177e-02,-5.811466785012149305e-01,1.527689915921708552e+00,-1.005001808249323947e+00,-4.137961649105665884e-01,-6.720110825327799686e-01
-1.176564143717982125e+00,5.822098972693233732e-01,1.358033687639813858e-01,-9.781278534839404903e-01,3.098466139633844763e-01,1.790893255623982327e-01,7.043842994489495357e-01
9.911530737792992873e-01,-9.189222094807528718e-01,9.182642085418687428e-01,1.662678842348469521e-02,7.266797534284484827e-01,1.536898547733718479e+00,-1.724142519793566697e-01
-2.334523626706884458e-01,-3.179170419570192530e-01,-5.089543857815298500e-01,1.817387225770457526e+00,-5.667574134779709283e-01,1.639526839772109224e+00,-2.755745133434513439e-01
-3.787367329167019014e-01,-6.116049177336229103e-01,1.786268096073768616e-02,-4.738953558488900875e-01,-2.455046635985987102e-02,-3.656592806079898145e-02,-1.258948106504802711e+00
1.311127993002108250e+00,1.970348854722279719e-01,4.885139768170525254e-02,1.144563083903626516e-01,9.037410478245198053e-01,-1.590099152915174008e+00,7.618286130860970617e-01
2.675113744475412059e+00,-1.811889167885603724e+00,-5.164632534266259123e-01,-1.182708888617536175e-01,2.905502076998467964e-01,-1.071847702777137368e+00,-6.319762411143180214e-02
-3.216541463608721396e-02,4.642587289907181280e-01,8.458212121757030522e-01,1.690003808189767698e+00,-1.084200682111923442e+00,2.811957663586518996e-01,-2.573942499132964579e-01
4.459622389884667193e+00,3.925641348713994283e+00,-2.608453470126561147e+00,4.192237150748136187e+00,1.796057295383161057e+00,6.924619402229379439e-01,1.827284429287591605e+00
2.331921839739348190e+00,-2.079781383321367638e+00,2.137215984302501814e-01,1.599157248267802256e+00,2.626060281143293818e+00,7.624351757025527032e-01,6.033049514259539725e-01
1.511792555668816651e-01,2.270955822831907334e+00,7.683629668202259788e-01,9.970920793798603021e-02,4.996189703013194650e-01,-1.010713673327547912e+00,-2.974587020305147211e-01
4.327710830574883483e-01,-1.415556447314797461e+00,3.035089137209943666e-01,-2.506881199766787804e-01,1.977268896801070985e-01,-3.109006046180881055e-01,-9.132625062273714844e-01
2.674373468472777571e+00,3.252451327452691388e+00,4.023236149248681670e+00,-9.715317685248464619e-02,-3.264002190051186192e-01,5.206724444829863296e-01,3.174799561197330089e-01
6.130468515406369834e-01,-1.382658175621737096e+00,4.570822837486419044e-01,-5.321397881659449824e-01,-2.379200057887071729e-01,7.703206408346947587e-01,-1.302272251782966572e+00
-1.143135849864536979e+00,1.060262254768935264e-01,3.530369585583726932e-01,-9.020250490777039776e-01,4.844592099703606269e-01,-1.231019642977190465e+00,1.211951104117970468e+00
-1.680277992405014853e+00,5.840370680987619911e-01,-6.146039107862455442e-01,-4.315494618291426665e-02,7.437442780052774260e-01,-9.912281943637415438e-01,-9.719971941309132335e-01
-3.901745852989311342e-02,5.892167159295366163e-01,-5.984186733403815128e-02,-1.731947707857737773e-01,4.381294152193688785e-01,3.757005547065229295e-02,-5.955720304116056685e-01
2.384547886799781857e-01,-1.214347143066381918e+00,6.905050147468821953e-01,-6.523659112283953787e-01,2.397942549774849733e-02,-7.808964736006802632e-01,-1.067247126770192317e-01
3.772744921073944546e+00,6.808086542598268398e-01,-2.932634213119340583e+00,-1.150508562298892645e+00,-1.155436398159029876e+00,-1.087817371428068669e-01,-7.089494934281935778e-01
2.805082791911278850e+00,5.145702644990934188e-02,-1.497039457857124889e+00,-1.143643318694829603e+00,-6.082515698100164903e-01,1.032305626071993165e+00,1.835657880021044908e-01
-2.105723707628714969e+00,8.486136333593152781e-01,-1.816397426954102778e-01,8.325160667898049427e-01,-7.857652901078224783e-01,7.817200787624388747e-01,1.375623996147346872e+00
-1.136754224923050893e+00,5.559503225295432394e-01,-1.559076088034306584e-01,-9.097565680686398037e-01,4.328385752113046020e-02,1.221538643245573486e+00,-4.124299156262332677e-01
3.824729262501120469e-02,2.058877919732619854e-01,7.501650197914441764e-02,-2.751482514379608446e-01,1.962382660339690998e-01,-6.729545437716853706e-02,-8.777303453163252112e-01
3.268615001749918481e+00,2.052657701693709313e+00,-2.098200085251342273e+00,-8.002132082815204273e-01,-6.360868750332159260e-01,4.384999154199893945e-01,-2.326868706706655410e-01
7.850841922701452535e-01,1.516675276412507989e+00,9.152918569433718954e-01,1.464576791103339437e-01,2.685516196013103540e-01,-2.846736675406258410e-02,-9.961645341650352536e-01
4.735144102571704927e+00,2.740588465347298719e+00,-4.837560410563341406e+00,-8.596954217106032026e-01,-9.531522254683676421e-01,-3.905311311898105320e-01,-6.344732978635148068e-01
-1.740966560067134239e+00,1.209484753967436488e+00,-6.432186933026498021e-01,-2.194409928892176453e-01,6.970350767746901210e-01,1.888129256637924636e+00,-1.147164658985293739e+00
2.406549786595165052e+00,-1.524425676110426231e+00,4.904314754639154672e-01,2.731150203851289149e+00,4.127769763946459669e+00,1.951047086662305530e+00,1.173468967928243734e+00
-1.537408804459831302e+00,5.128773078261059659e-01,4.508567203429225123e-01,-1.363613201796647134e+00,1.562527270205687213e-01,5.774822255354143952e-01,1.172359493619839155e+00
2.550255212385981629e+00,1.800097577752556022e-01,-1.011017610040707115e+00,1.265447355936796470e+00,2.306596045753551039e+00,2.181886796158688524e-02,1.044838196674345854e+00
1.630883889598753411e+00,-2.309342054296004421e-01,-6.989866891046898623e-01,3.583611004000592626e+00,5.707756578085214194e+00,2.898114701345653632e+00,2.017642626667863315e+00
-1.076530555235940545e+00,8.866431517011148788e-02,2.756292566269841551e-02,-6.006057377572689981e-01,4.397723734083055502e-01,-9.906447503303403845e-01,1.856429233905219356e-01
-1.106179054552873242e-01,-2.388209035154460758e-01,7.913831387110936699e-02,2.241719547739754237e+00,-8.568737799165860106e-03,1.056054960694988276e+00,3.135995620839830411e-01
5.851067134089076305e-01,-1.104522924459812261e+00,4.723774200590949435e-02,3.403844890153678859e-01,5.980417619710177712e-01,-1.021665016226775302e+00,-1.323632208336602112e+00
1.435647247248482472e+00,1.432505069106471407e-01,-9.650145651062171925e-01,-3.533280061665162175e-01,-1.130926201986168639e-01,-2.236177994350874720e-01,-9.916507725952333763e-01
-1.205407518887204654e+00,-9.753814990179246469e-02,-4.751447712759804265e-01,1.495726940479843226e+00,-8.747344181274915309e-01,-5.139023235099932085e-01,-1.429135082413024171e-01
-1.904052584689363836e-01,2.982901278867414963e+00,-1.668016442199076854e+00,-2.900615211641134117e+00,-6.078537111385062808e-01,7.765735332942831637e-02,4.027105872628230721e+00
-3.403771981663976098e-01,-5.980321659332974438e-01,2.495768619042896264e-01,-4.431222796164281941e-01,3.677595054951787179e-01,-3.655827496964928480e-01,-2.341305559747965948e-01
-1.657935725141248762e+00,9.922597171010628658e-01,-2.398821468399468249e-01,-5.850380613635136617e-01,5.202724046380529099e-01,1.192403647588310189e+00,-3.287725737651711611e-01
1.957185868720020538e+00,4.548057112991449991e+00,-1.463974177940529531e+00,-1.200027226234083727e-01,8.780103624721421335e-03,3.717251301867186553e-01,-5.194886319736439217e-01
-6.868320238800983413e-01,1.114627967943250253e+00,-5.241076756838445316e-01,6.553855679687184965e-01,1.581350067495138845e+00,1.067519670813196504e-03,-3.926593746086691206e-01
-1.142176983561149717e+00,1.204232866858005457e-01,-1.048732736677772254e-01,-7.225078709010119837e-01,1.222448969630911542e-01,6.570787453042825632e-01,-6.721684917299102224e-01
-7.034403243338045453e-01,4.613151828111881209e-02,3.369368942686549739e-01,-9.685890902147357151e-01,-3.820925262788657344e-03,9.352176966235400402e-01,-3.632476169352082118e-02
-1.816652537309907167e+00,8.465526436105581531e-01,-3.157407836090577735e-01,-7.236280848577899549e-01,3.811887465605279246e-01,8.835027513498612262e-01,-3.564614150244155288e-01
-1.299278418666822421e-01,1.139282386923517049e-01,3.437750063135045497e-01,-3.795697353885573166e-01,3.034625400439443510e-01,5.093585410821583892e-01,-4.818908324433623935e-01
3.381473765441522783e-01,-1.339356396570327234e+00,5.000161455754298379e-01,-5.697695123096503389e-01,1.065234016227078057e-01,-3.983444082700125510e-01,-2.376156128997780059e-01
-2.354171687935907809e+00,1.826666468429002599e+00,-8.645807922837811521e-01,2.975858899175029548e-01,9.663951498471420321e-01,-6.546232930117310556e-01,-1.595773886384462825e+00
-1.136057474156290381e-01,-6.274921310095006310e-01,4.464227587363205907e-01,-8.628536398841153421e-01,1.397326153210197708e-01,-1.187220861970584990e-01,4.559264293687836367e-01
-1.605086791115688527e+00,1.011326107387768625e+00,-5.523741282050681489e-01,-2.017503598912871732e-01,6.587993113088697061e-01,1.036839247104538453e+00,-1.049044327214751604e+00
-6.437789109381014674e-01,1.151889301163504520e+00,3.499179486283647555e-02,6.135377709590602580e-01,1.674303643063543623e+00,2.050520387472401840e+00,-2.961205942743562192e-01
-1.919845892903198070e+00,1.194231574305508303e+00,-4.392479240808474517e-01,-6.350027407575040694e-01,3.942938598217582413e-01,5.954008421270960971e-01,-5.252926880732470272e-01
-1.664515385207885778e+00,1.667891695623159865e-01,-3.394682350828442940e-01,1.077756278798204681e+00,-1.073045244626160688e+00,-1.265846306965877632e-01,2.721926401397479212e-01
3.727397776546403474e+00,-1.011557710740294408e-01,-1.774476733707208265e+00,-7.235258583904310425e-01,-7.820579469416335527e-01,-5.008644778675716003e-01,-6.905473224455115355e-01
-1.668767660773740891e-01,-1.157941465466777009e+00,3.096457574726087514e-01,6.903877234067343771e-01,-1.813365960959575807e+00,1.437653693232820329e+00,-1.175819746705184382e-01
3.078222202542148511e-01,1.838488483037956644e+00,-8.359545513612581802e-01,1.870466003159541313e-01,9.694727612714414411e-01,3.886919553186418685e-01,-1.725313179350347892e-01
-8.067098657826235475e-02,-9.056906496564146591e-01,1.027008076724425095e-01,-3.028423098164559346e-01,3.709692544249954538e-01,-4.157972285857366446e-01,-5.586005465413877991e-01
-3.175910375285603271e-01,-4.066072372084115205e-01,1.462360825327085057e-01,6.112515960172706930e-02,8.099360507605970483e-01,-1.189448773177222973e+00,-3.175818316267882691e-01
4.336833539197264553e-01,-3.059552189097852204e-01,1.418367433575476455e-01,7.084971689680323870e-01,2.020372303214759580e+00,1.194395786954689065e+00,7.744678633654229483e-01
-6.843484778716953931e-01,-4.017801166942563396e-01,4.721552718650467440e-01,-1.071395516025019257e+00,-1.388390173843224717e-01,1.710467330003770658e-01,3.809982760408398006e-02
5.440555328997295215e-01,-1.399938048360516607e+00,9.684029087948127223e-01,-8.180760567032925312e-01,-4.937491479171360158e-03,2.174572305958331342e-01,2.576265583171470364e-01
-1.693999769636622965e-01,-7.939305322876455406e-01,6.115436289020456107e-01,-7.682532399497860043e-01,2.071299784258891913e-02,-7.707383584465771209e-01,4.098362483705998011e-02
1.694878454908769427e+00,-8.216092419390528256e-01,-6.773886676501451598e-01,3.012805065347158862e-01,1.010289378681784589e+00,8.360210304649720037e-01,-2.073664831294312061e-01
1.039845119848654548e-01,-7.775701862593289437e-01,2.986362048809339531e-01,-1.211050667069713260e-01,8.833523063914843210e-01,9.891323090214793057e-01,7.495725716070303357e-02
-1.440209047919452034e+00,1.962648154216098395e-01,-2.962537040614006412e-02,-6.520882349981002024e-01,6.538284839698954576e-01,-1.499596469701746315e+00,7.691781720541441825e-01
5.890185401504721002e-03,-8.635223034403185505e-01,2.599526747872321630e-01,-7.014573890380678689e-01,1.778006273718220065e-01,-1.521940170174940488e-01,8.421563719508047552e-02
4.166689163840469057e-01,-1.305496635086038193e+00,7.290450141511463089e-01,-8.623685265214048323e-01,-1.754780061584803874e-01,6.321353092891934811e-01,-2.422493069245344188e-01
4.628469410974062614e-01,-1.090140591128258674e+00,4.928644221833761718e-01,-8.942171282834889823e-01,-2.500640873224111924e-02,-6.491065901826830187e-01,4.722878891610813867e-01
1.503753888317949650e-01,-1.159648564899505851e+00,2.988499702580360573e-01,-2.921205387990443159e-01,4.593986579900734557e-01,-2.762403533672730394e-01,-2.712273202323865484e-01
-1.860088019371997525e+00,7.646260497967797276e-01,-1.457415597018508757e-01,-6.835318507884425854e-01,5.833865333406057507e-01,-6.873534947027567510e-01,3.698884620869740125e-01
-1.853222948042410889e-01,9.675116710157622979e-01,6.737923408873124353e-01,-9.139982337248168942e-02,6.126741191918998464e-01,2.437265589852040115e+00,-6.850221693793030475e-01
-1.921480742840317779e+00,5.146915316679814278e-01,-6.919695277968066494e-01,1.233660924678009696e+00,-1.095149086795617510e+00,5.529452027066415060e-02,-4.097120254884760171e-01
1.999698296854740986e+00,-9.428787642020162174e-01,2.028333854462191610e+00,-2.317768599468580382e-01,2.245859807852298995e-01,-1.749625855437212385e-01,4.536982036448831135e-01
-1.590801541456300372e+00,8.432519779425331485e-01,-4.429671481000840294e-01,-2.977087468490320354e-01,4.919131321158179415e-01,3.761424641687339809e-01,-1.045606914984962499e+00
-4.911429269293759448e-01,-1.339345290138366451e+00,3.225481417301156450e-01,1.121343314440471639e+00,-9.877167430149782490e-01,-2.066666866922208357e+00,1.280165988991704973e+00
-2.446160577058368535e+00,1.010053325900197363e+00,-4.888983201069370121e-01,7.988513373276430185e-01,-1.191109693569042394e+00,5.734457504894204805e-01,2.978326600021822257e-01
6.433602331294585586e-01,6.233617268427317226e-01,4.155286763722055854e-01,4.237612668328519933e-02,3.175404241874761335e-01,-1.197282593804619211e+00,-7.170616936214028181e-01
-2.591386769798745271e-01,2.795991305501162039e-01,6.059046558692201545e-01,-1.289201945172953057e+00,-2.905577107661508340e-01,1.299455831882428969e+00,3.917417370574672875e-01
1.149256583530482878e+00,-2.215639907886697735e+00,6.724975543643811893e-01,-1.964650262712652196e-01,1.175505781363372221e-01,-1.120789412115878125e+00,-7.608166928926933803e-01
1.976533354290463951e+00,-2.298061331798026963e+00,7.818143829713211090e-01,2.071534156882557098e-01,1.019399311754796811e+00,3.360111520095521165e-01,4.780192569247395662e-01
-3.629687856274524393e-01,-1.132388144414133227e-02,-3.239595410415693766e-01,-5.927332949726452638e-01,2.454959092553344879e-01,-3.444957102437627428e-01,-2.022146934177275479e-01
-8.224058922634850388e-01,-4.779410509463616341e-01,1.129124804779801927e-01,-3.952440200246375435e-01,5.363633748996364803e-01,-2.030624194910371383e+00,1.424970644431654276e-01
2.103994273266348358e+00,-2.832887622402731065e+00,1.293017985001937431e+00,-9.305881926538713822e-01,-4.354776197002865890e-01,-2.209327163398477623e-01,2.322284354819082464e-01
-3.295556619770391715e-01,-9.441943881941768923e-01,4.778628449597955852e-01,-6.259519392508591240e-01,1.617761928424503726e-01,-1.678952538370932279e+00,4.691914209096422622e-02
-6.419896071601948195e-01,-4.737776431002088673e-01,3.128110674679982633e-02,-4.760790280954181886e-01,3.739000456611990542e-01,-9.476039664872193402e-01,-1.990249596147116995e-01
1.441919839942079840e+00,-2.283072779101749994e+00,1.076241653988841529e+00,-2.420637285058120647e-01,2.504059789149890025e-01,-1.003385024985954388e+00,-8.582208771415680837e-02
1.170255501799708497e+00,-1.936834275338454203e+00,7.294482253823606488e-01,-2.183199812303969478e-01,3.865117638412479129e-01,3.785275880466499876e-01,-2.843781122987858456e-01
1.385337762244659709e-01,-3.534649441781720913e-01,-2.274788010909643277e-01,1.658204897210426368e-02,8.688066845207199629e-01,9.655367341229134093e-01,-3.807102106762105254e-01
3.064670282387899625e-01,-2.229141692722482193e-01,-3.528659813975180137e-01,-1.864647054269862325e-01,3.118664463032493894e-01,2.326375175658302041e-01,-9.638375591440919710e-01
3.719817117810324092e+00,-6.276190011004177949e-01,3.691881474788871742e+00,1.680205192465670239e+00,-2.026144020387574685e+00,9.725155125615888574e-01,-1.280323197570605864e-01
-1.784578058004030909e+00,1.264474664499283918e+00,-5.781835495271830938e-01,-6.065715606744013222e-01,4.026049293001416340e-01,3.916653907485032060e-01,-5.004250226442905625e-01
-7.022302865012486350e-02,-1.153494243111942152e+00,5.363626151801152986e-01,-6.211146733155272770e-01,2.187712274653730027e-01,-1.516236521181542729e+00,2.457350497019321345e-01
-1.657441483983020714e+00,3.753361946704062979e-01,-6.739973048273837364e-01,1.319753774578451111e+00,-1.095141264323252983e+00,3.958555897362963094e-01,-5.980905063919751408e-01
1.057998254024771212e+00,-1.044297529209652353e-01,-4.098606520876580395e-01,2.343107422810930263e-01,1.106312341103836916e+00,-7.090381853529301726e-01,4.281948804338347458e-01
-2.541579968353751551e-01,8.538597797888399787e-01,1.489555176642936685e+00,6.414903783791379155e-01,-1.746202231540370020e+00,1.557310120391890429e+00,8.083094069842637897e-01
8.012515920397754732e-01,-1.126106888306953158e+00,6.075216841813788626e-01,-7.273443441375948559e-01,-2.782057622968207578e-01,1.485122072589258657e+00,-8.377710502631656730e-01
-4.823843295498286832e-01,-9.604430992843745463e-01,-1.210843531699850317e-01,1.333721200231720028e+00,-1.140441165523712108e+00,3.854039838953866870e-02,-1.617962314086041908e-01
-8.713707472283307442e-01,-6.068279411098193021e-01,1.438029351496160069e-01,7.016032511056040644e-01,-1.506531912813847907e+00,4.819628215988441267e-01,4.968467656456412862e-01
3.045752674504803026e-01,-1.157559191115066000e+00,6.539666591517322436e-01,-4.423540612176325437e-01,1.933533249852385227e-01,-4.940454841492535887e-01,-2.856823370204201740e-01
5.719141662945580462e-01,-1.045971212342709622e+00,4.158105495114868266e-01,9.720980943407965535e-02,9.392563270138700737e-01,-1.407220740495320754e+00,3.566980871999848590e-01
1.722684102597165090e+00,-2.157394522423024874e+00,1.219585880278962753e+00,3.127496375058846367e-01,1.399691732367707164e+00,-1.468648096838541250e-01,1.276613669852652011e+00
-1.862831136937028731e+00,8.397760867616815839e-01,-6.561889956719652722e-03,-9.815583441587920621e-01,3.063676296512136688e-01,5.002497560163162715e-01,2.976857225900711446e-01
9.254153794495945107e-01,-1.189685575387998240e+00,6.043164911946594664e-01,4.516618681366767196e-02,8.470741018256008337e-01,-1.078035703920916105e-01,2.018351726258320877e-01
5.499423630515462014e-01,1.873911912652963307e+00,1.956756858317339809e+00,1.797615365321834524e+00,-1.168930565702831936e+00,-1.460992848592156113e-01,2.059332824060901013e-01
-2.267100354383966732e+00,6.820066505398849621e-01,-2.183834697771835087e-01,3.830982440933637378e-01,-1.163213217145423028e+00,-3.078216005931535548e-01,1.735620812225985965e+00
7.325851202611265434e-01,-5.352460267669991723e-01,2.383413402529944436e-01,-1.313551576850648939e+00,-4.746243010806788232e-01,7.091773291517983191e-01,3.808393230646258121e-01
-1.039497100893958415e+00,3.193944037469067521e-01,4.290354533943080417e-02,-7.445906453168513739e-01,9.157838217866734465e-02,1.103447299094334477e+00,-6.487351387218825982e-01
-4.061521682119467735e-02,-1.253080837497760891e+00,5.924066176181533860e-01,-7.205231921516395133e-01,1.443229761139691869e-01,-1.220916587011764864e+00,2.827247262370989889e-01
2.260255950677998893e+00,-7.989531251118038302e-01,-2.370871511084104988e-01,-3.903153692221943971e-01,-6.885781435598600231e-01,-2.870661997918443897e-01,-1.838534454299279197e+00
6.512871520353944454e-01,8.711272003339985692e-02,-5.153355575935579802e-01,1.331549799157302205e+00,2.005063223449514265e+00,-6.258361014343615247e-01,-5.664625006664014695e-01
-1.139912415777994514e+00,-6.790949819497860140e-02,-5.111964686783002643e-01,1.649327127424827566e+00,-8.213603030580257647e-01,1.210929960940168304e-01,-5.324204989489518258e-01
-1.561914598526239262e+00,9.550364845576342354e-01,-4.559694512015537438e-01,-4.168460087567419925e-01,3.245313179740932918e-01,4.256412822164285514e-01,-1.113785032830138633e+00
-3.168363383835267832e+00,1.829223003816768944e+00,-1.138441811065616260e+00,1.215728394720953620e+00,-8.966447000565082037e-01,9.014029137976701245e-01,-5.763313322478313960e-01
2.703130679420231886e+00,7.373021885111552542e+00,5.312545569719070215e+00,9.140264915696539871e-01,-2.013085013508887633e-01,-6.279350388961674190e-01,-6.546870285735724160e-01
3.390381551057741749e+00,5.655276127048157520e+00,7.209422566027222423e+00,4.492424919490607405e-01,-4.800324364816219158e-01,-1.721355262380118156e-01,3.893956753070770271e-01
-6.647679105725380622e-02,-2.789459897940584909e-01,4.939189167301140659e-01,-5.373524286733550870e-01,3.425328118285557166e-01,5.327824429364579339e-01,3.624401248776075446e-02
-1.216351370641152840e+00,9.405209748360480182e-01,-3.508180523833113740e-01,-1.507269648876887747e-01,5.667870589410290982e-01,-2.667386713513055230e-01,-8.883895376715162939e-01
-1.299700253338966327e+00,2.265345255687270243e-01,-7.429787038889426598e-02,-8.453172577834662249e-01,1.364326214257021719e-01,5.834085474460318776e-01,-3.410775658807309596e-01
1.186059296566721322e-01,-1.523040529315422276e-01,3.849498792579142958e-01,-6.463099604539309651e-01,9.125617442471299634e-02,-4.285395030163618446e-01,7.779018436401981783e-03
7.678450357414170035e+00,1.272043269794675524e+01,1.021287487784068482e+01,1.394364974954536596e+00,-1.600325579087967798e+00,-1.013343729970038520e+00,-4.193253651502690804e-01
1.148602131388447356e+00,-2.295351609986268748e+00,1.154567437939681751e+00,-9.118961037311551499e-01,-1.820032017426217175e-01,-5.550347175615575335e-01,4.403572597692115842e-01
-8.063540123798471626e-01,-3.788629750670697294e-01,5.313755168729634298e-03,-6.110418815510474388e-01,9.711873333630968719e-02,-3.471442374034691136e-01,-7.054255720293194365e-01
-6.916185100571361488e-01,4.170232248933802843e-01,6.085684663910512215e-01,-7.735857744225513866e-01,1.845520217813842179e-01,1.914464487691963923e-01,2.025271777416709496e-01
-1.123216157473140520e+00,2.227485536761123708e+00,-1.058909013246799175e-01,-4.025167838034605094e-01,4.437790767702546879e-01,-4.522219740573518720e-01,-1.194841009622945455e-01
2.276939121714617043e-01,-1.283554972236048697e-01,-8.887850886718406951e-01,1.564691067036947825e+00,-8.913134851801479686e-01,-4.632779978930527953e-01,2.200791841670580729e-01
-1.194514693597426291e-01,-3.226338896639238119e-01,-5.601025850288361696e-02,-4.076229190346589704e-01,9.039605409093622035e-02,5.913051003560857444e-01,-1.124353277313840715e+00
2.028738269282457818e+00,2.552664666339463651e-01,-1.532319700391965300e+00,-1.490471506081723296e+00,-7.445803172073138798e-01,8.134476984697215363e-01,4.593056829281334519e-01
2.474828287237130775e-01,-4.888077082208849289e-01,5.257940387436706997e-01,7.987534054975933273e-01,-1.728206276057958846e+00,1.691125478569254215e+00,1.510603413418703800e-01
-9.064375586100005266e-01,7.365563800192892474e-01,3.057948060809173585e-01,-1.496570181799025401e-01,4.852501964551940716e-01,-8.130338491903613685e-01,-6.520905843463246088e-01
-5.010017253836293039e-01,-1.124220231463359365e+00,1.266587957535744435e-01,1.160049625036890353e+00,-1.181950266402839844e+00,-9.661818091882979909e-01,4.526514574189295925e-01
-8.777338396532453624e-01,-6.395546432460881559e-02,2.852590300030144466e-01,-9.271018771694941041e-01,-7.127761134257689854e-03,2.324114256809053924e-01,-1.325872286674918965e-01
-2.515488795322184390e-01,-6.015875489618961458e-01,1.110513002574761363e-02,-1.507304672873924223e-01,3.504363286800560306e-01,-1.604309857840782727e-01,-1.125644732903693379e+00
7.798780448327470305e-01,-1.946068935077012618e+00,1.692272792139837501e+00,-2.231122696076299761e+00,-8.841292381559979763e-01,2.006349861702886095e+00,1.753750092928035187e+00
-1.454986554499754892e+00,6.283443525575697075e-01,-5.437448066655100609e-01,1.557758734024638159e+00,-7.272430758247480087e-01,1.913288095455501381e+00,-4.831498827043770872e-01
1.330924296246490446e+00,-1.694810736412902141e+00,2.437347260596701148e-01,1.350066667481575999e+00,-1.463936254809854898e+00,5.601780463431587087e-01,-2.128724565741847707e-01
-3.873183849713734972e-01,1.057995739567983984e+00,1.023011495462622156e+00,-2.069732186328094581e-01,2.930073403785015684e-01,3.052074041924201370e-02,-6.083148032417940998e-01
-3.175692119519420986e-01,-3.047736135851928929e-01,2.027698814977131891e-01,-3.882090776862721637e-01,1.855379745322850160e-01,1.549143090543701196e-01,-8.765446155502435444e-01
-1.600806368382563516e+00,6.321874987619445774e-01,-4.693143598442445219e-02,-7.760038107731858092e-01,4.020896311349595464e-01,1.411813436325358440e-01,1.380763029068078074e-01
-1.529555319280740289e+00,3.345518958999208481e-01,-3.112978383193771847e-01,-2.453276056751453049e-01,6.595237666239947005e-01,-1.476875383153743782e+00,-4.085161105360865519e-01
2.307196289154666680e+00,-1.296449820657742114e-01,5.203957802075261929e-01,5.578711122415586088e-01,1.059315145454906348e+00,3.824661192168801183e-01,1.038045391351742619e-01
-1.062400495668371025e+00,-4.566332791783855871e-02,5.072699388371718077e-02,-6.011124965958477562e-01,3.357585520528417744e-01,-6.823166090928153293e-01,-1.376535479698516584e-01
-5.183734204044724292e-01,-2.640614149405740019e-01,2.117796820178494410e-01,-1.953165315565517646e-01,6.710637475151662867e-01,-6.716823881357806281e-01,-1.353471915308425699e-01
-1.925621679466674285e+00,1.326851146402897141e+00,-5.409670741822018014e-01,-2.601152870271471462e-01,7.737269339604816443e-01,1.687128413749326983e+00,-8.511576061231322932e-01
-1.911378777612296354e+00,1.130499653510695479e+00,-3.119911796947063554e-01,-5.385356700525998352e-01,4.503575921565441398e-01,1.661329543677623199e-01,-5.283398356680465424e-01
-8.157732241208260904e-01,-1.134300961353910814e-01,-2.693377110716663539e-02,-3.960459880740017646e-01,3.743561824428718321e-01,-1.123576233441966554e+00,-4.138990094787929896e-01
6.540496833272957389e-01,-5.064728988234754592e-01,-5.058535988853184451e-01,-2.255647880833179797e-01,1.772550354638749714e-01,-1.330874020332196483e+00,-7.783413341179753475e-01
9.305075258466832810e-01,-1.450666854795651162e+00,1.281722911487088168e-01,-9.078400714568801710e-02,2.873515211845311113e-01,3.909668311682674147e-01,-1.086459521654858484e+00
3.883210486164534458e+00,-3.512782952337135112e-01,-2.385408161904788216e+00,-2.288004727119366255e-01,4.391396482780436650e-02,-4.680127103850758585e-01,-1.546025447859848412e-01
7.603417284405539212e-01,-7.183611962226478242e-01,3.306519325047843627e-02,5.709060839210072791e-02,9.043336363661577115e-01,4.760235743893114213e-01,2.303694337665727898e-02
-8.441438587494155543e-01,7.674588168095645979e-02,-4.810987332704461106e-02,-6.999177724059433281e-01,1.434297545117934891e-01,5.640212094592907954e-01,-5.021568792131108072e-01
7.530419911948474376e-02,-1.463849647371237017e+00,5.708224106658853492e-01,8.247128848160281134e-01,-1.445193094736036521e+00,3.475920417281502250e-01,7.924293711281787944e-01
3.126753134463671757e-01,-8.397060086336995965e-01,2.651199023256466392e-01,-3.771604725897260146e-01,4.028632320892360230e-01,-7.152927811092704147e-01,4.155782078436996013e-02
-7.188934594744822437e-01,-7.416031101778338686e-01,1.530561155556973696e-01,9.073700666702384510e-01,-1.335709211739359636e+00,-7.062920493109102471e-02,5.321660940850586607e-01
1.149256583530482878e+00,-2.215639907886697735e+00,6.724975543643811893e-01,-1.964650262712652196e-01,1.175505781363372221e-01,-1.120789412115878125e+00,-7.608166928926933803e-01
7.325851202611265434e-01,-5.352460267669991723e-01,2.383413402529944436e-01,-1.313551576850648939e+00,-4.746243010806788232e-01,7.091773291517983191e-01,3.808393230646258121e-01
2.937258720621267916e+00,-8.950262478704898994e-01,-8.045748403741449506e-01,2.434488737101790257e+00,3.817163512710396667e+00,1.575703870738285328e+00,1.310424885280250473e+00
4.195865686325329413e+00,1.346808816649267992e+00,-4.023653894186792618e-02,3.136772878553754085e-01,-1.714944431858741736e-01,-1.264863716963710472e+00,-8.198237605261166072e-01
-2.147109955269297932e-01,2.289255973886474393e+00,-5.527949943484774531e-01,-7.489425235869227038e-01,7.832148434041280582e-02,1.082042083440414082e+00,-5.509078110758197644e-02
2.088825572660741869e+00,-2.914239312902664913e+00,1.538469957611332539e+00,-8.143841699450115046e-01,-4.319574447955299434e-01,-2.151717604093836278e-01,-2.233340016667311606e-02
-2.668162749345425855e+00,1.799709275936481889e+00,-4.861023747676314621e-01,-7.653136473045067945e-01,5.694209848259533802e-01,3.194415314790369220e-01,2.398620162139707135e-02
-1.608120224745740678e+00,7.257952286642541662e-01,-1.623566302701201503e-01,-6.490772310493519992e-01,3.973271204918036315e-01,3.137330171802911183e-01,-2.692812864375853654e-01
-2.167983077403678127e+00,1.426853434679727251e+00,-8.159044311474151767e-01,-3.552124807679541418e-01,3.246135185557310621e-01,2.260621056763580453e-02,-1.503451947115011400e+00
1.338370755803313106e-01,-5.790310077549642997e-01,-3.498208416905312229e-02,-3.138681136495226620e-01,4.396054629182563622e-01,-1.128379802644023044e+00,-7.830464191953109832e-02
-1.010062050535553979e+00,-2.371067439928095100e-01,3.268627509086172167e-01,-6.935161695135060311e-01,6.502193265965653390e-01,-1.348188836167709015e+00,1.078977289530474115e+00
1.676089389496269844e+00,-1.104195569739863547e+00,-7.452938130360434177e-02,5.010784524043132571e-01,9.163863743553913865e-01,1.496963822692461088e+00,-9.993993608156637176e-01
-5.192144067033941379e-01,9.698519652085094700e-01,-2.306897122543987433e-01,-3.681219075334366542e-01,7.291185985223894717e-01,-1.068777118392420844e+00,6.505834739854603477e-01
-1.930362017817943476e+00,5.239646828870360151e-01,-5.645026982935287263e-01,1.151684002283115404e+00,-9.928584826673841901e-01,4.228672601437262757e-01,1.462134264835519663e-02
-1.861234319271132476e+00,9.787604715959714596e-01,-3.768328399857021616e-01,-7.595288628169742928e-01,3.261670800296996853e-01,1.072070883954252318e+00,-4.501949280700459077e-01
1.631185309998676447e-01,-1.136082432860011204e+00,8.308681529958680256e-01,-1.029260515637636431e+00,-7.422343151204460754e-02,6.589410605690566580e-01,3.789748876465101057e-01
2.246544334257294107e-01,3.549074719808832379e-01,-2.845494717541410465e-02,7.451726387017425235e-02,1.355724689687173579e-01,-7.610235983255971837e-01,-1.722399630593877129e+00
-1.454700049706836307e+00,2.139018946912959462e-01,-4.052259944901352440e-01,1.221156077234611725e+00,-1.170147053039324536e+00,5.810268571113986757e-01,-4.056105106392112192e-01
-1.131820548776560242e+00,-2.720768103672467023e-03,2.098987400550993698e-01,1.082467234165995995e+00,-1.083778934060627863e+00,-6.024507194076735850e-01,7.316612550890841948e-01
-8.339100098635505720e-01,6.356793024977959450e-02,1.208067072982003248e-01,-7.050185226875796962e-01,1.694791514084241224e-01,1.069753861037590070e+00,-4.791496798611907804e-01
-5.797508650967432287e-01,-7.707531735599310041e-01,-1.099611106299530072e-01,1.472311773195417395e+00,-9.291965158620403287e-01,-2.149600178606791423e-01,2.702378785183349313e-02
3.528090039795873101e-01,-1.241120372934887861e+00,9.553994570600299330e-01,-1.305044266473814440e+00,-3.526887383234929008e-01,1.339014633231026874e+00,4.072455566744032085e-01
-2.211306518684371003e+00,8.017575760394717310e-01,-8.397678629857064925e-01,1.473453579151509540e+00,-8.834954814559952130e-01,-5.323702254978389670e-01,-5.479881258805263666e-01
-6.903642169420255437e-01,2.609856066763010851e+00,-8.204587696674003894e-01,-2.438141837382649335e+00,-6.581101916497653082e-02,-4.213664892892664549e-01,4.075600810619834924e+00
-1.978457402652515240e+00,1.046624476542647342e+00,-2.309743909095825776e-01,-5.956624945693538287e-01,6.237123477813457662e-01,1.746953903927756235e-01,1.652296787273824230e-02
-8.453929697190036840e-01,-8.921010978300811800e-01,-1.367182742151724639e-01,1.516525477380620268e+00,-7.398728360635299373e-01,-2.394874298964678960e+00,6.631530005589543197e-01
-9.302375136716617421e-01,4.320232817109971868e-01,3.872742004952683947e-01,-1.152445073801140696e+00,3.038990300538878531e-01,-7.456351155811110631e-01,1.514993795432345136e+00
-1.766503993666704631e+00,3.933425655405575205e-01,-3.744842628018985042e-01,7.337521378683129480e-01,-1.421136856424761508e+00,1.013208622913587487e+00,8.803112692885033119e-02
4.044253802882621929e-02,-1.493382387122162980e+00,3.270730344313882987e-01,9.673803862883043614e-01,-1.561515571527710700e+00,3.894611614103791197e-01,2.741626017492641842e-02
-1.735268122638218724e+00,1.050520006631705749e+00,-3.151012793558752301e-01,-3.935878963468493197e-01,9.536021321141575635e-01,1.405616877404928466e+00,1.121337083637982124e-01
7.325973487373048654e-01,-8.112750944678317477e-01,1.292342371674108925e-01,-4.441000901816352098e-01,1.546982187169737566e-01,8.237538712174402589e-01,-5.305805878643421458e-01
-2.104540983790051278e+00,1.028829230789734206e+00,-2.621058027773300325e-01,-8.065615735503074424e-01,6.065808001516868053e-01,-1.863957612435231392e-01,5.376121216545682868e-01
-1.539815169509650028e+00,8.848999239096321245e-01,-5.926809434927059472e-01,-8.369665757366868686e-01,1.501700264554328978e-01,-2.988475969710799318e-01,-2.955177466615312443e-01
2.361391241464937174e+00,1.761253766080323135e+00,-2.238768885341260173e+00,-1.353075610547690120e-02,3.258021407238126388e-01,-3.943366423896138562e-01,-4.047970705684886261e-01
1.624503601554283250e-01,-3.761928792507975849e-01,4.526984387002039312e-01,1.610583757778666636e-01,5.717847930743399365e-01,-6.199452870270319993e-01,-9.436330887855188809e-01
-4.490688245272321799e-01,-6.959555968403434711e-01,3.734243530559895330e-01,-7.820667290130924876e-01,4.615400159164710636e-02,-6.807467011159226145e-01,-6.920689363021641227e-02
-2.953844690411147056e+00,1.465951042512317004e+00,-3.365461708033370969e-01,5.268131800694663136e-01,-8.888256981735225271e-01,-3.795499622206625207e-02,1.752808432984422904e+00
-2.070283894963152793e+00,8.235416067536994733e-01,-4.241579029415230573e-01,9.435731452854224655e-01,-1.118513002638481302e+00,7.885941262737640178e-01,2.169076950081808841e-01
3.930076375840148573e-01,-1.747323893949934481e+00,9.312662422462572032e-01,4.818633761467711052e-01,-1.811596939674820161e+00,6.541027759334634428e-01,9.725536245975724414e-01
8.040385682691301161e-01,-9.784963286545707017e-01,8.275889588905065430e-01,1.602747188838913039e-01,9.197108683757475589e-01,-3.167989270022460863e-02,1.000267542759947087e-01
-5.355560146549883660e-01,1.632721149628396651e+00,5.181642432822993749e-01,-1.633331942109021717e-01,5.723347886435571352e-01,-5.459136115849043680e-01,-7.049163066931404820e-02
-8.176918620805320170e-01,-6.098579317069304784e-01,1.453750088066764479e-01,6.627665593719939130e-01,-1.556364582812399089e+00,9.418288976921816991e-01,4.102417594454887406e-01
-6.864878863189503022e-01,-9.599676047026111103e-01,1.415703990746612628e-01,1.093100624046650537e+00,-1.171895785798121148e+00,-1.159197542214580379e+00,6.351931776631278836e-01
-2.339119678172189243e+00,1.549429132561457090e+00,-7.484944561593108725e-01,-7.371302291360050107e-01,4.137769776359046525e-01,6.648548779784791973e-01,-4.577485463059891013e-01
-1.578134016420523533e+00,2.125697358651389979e-01,-4.589238416958016376e-01,1.291227984360744596e+00,-1.004237917847300654e+00,-1.053190142910214039e-01,-1.228873042561255402e-01
-1.268430446428238767e+00,3.157071465560439827e-01,-4.577175337312256419e-03,-7.042524364772194678e-01,2.288080645247784206e-01,3.163223530593345934e-01,-3.878874741951629512e-01
4.649420477304062604e-01,-9.436707278468460247e-01,8.195458613011338267e-01,-7.929008683580563988e-01,-2.849132005014021751e-01,1.458127662195123575e+00,-7.487265762053950668e-01
-9.888212523623071126e-01,2.026754526702702730e+00,1.358150556610814741e+00,-8.752279092478851830e-01,8.954596698350980599e-02,6.167731164680347877e-01,5.058843792746178236e-01
-1.836954683317556514e+00,1.454222196110175780e+00,-4.193891323182637465e-01,1.843668100004058452e+00,-4.228164290363368716e-01,-5.098855278548681744e-03,-1.002947445806703086e-01
3.131904600578903519e+00,3.669517625599250543e+00,-1.761815555789141063e+00,-6.222203812658890776e-01,-5.233022951385286614e-01,3.843718084122280804e-02,-2.468381919013511519e-02
-9.449301128109413028e-01,-6.631387079597824696e-01,-1.612677780177395603e-01,1.245053057582627298e+00,-1.106841576778184288e+00,-4.408723820972331731e-01,6.923788560133833925e-02
-1.437346639753117383e+00,5.672740841892737196e-01,-4.036569318741939361e-01,-4.397676353029644769e-01,4.962893686336458665e-01,-2.387752575733306792e-01,-4.872290220906252411e-01
2.865982414776284681e+00,-7.762342668980158900e-01,-1.217229928432202568e+00,4.816801713321281486e-01,-1.833421599066948460e+00,7.404165964724608306e-01,1.702884160815614667e+00
2.097248647785477704e+00,-1.989360647478706667e+00,5.738223939590924028e-01,2.594882687095891871e+00,3.987912429361565869e-01,8.357496308308868249e-01,1.339862280725097499e+00
2.845794123954579757e-01,-1.819904841925607863e+00,3.928875152313466845e-01,1.321992685786276933e+00,-1.141869218921480300e+00,-9.754019109844986879e-01,4.621983528816418496e-01
-1.491594750212983156e+00,2.521070218531590856e-01,-7.741982285964306432e-02,6.744469049949436412e-01,-1.376678000293325876e+00,1.470097884787506581e+00,4.543790552937290728e-01
4.402521713119717656e-02,-1.089891618098868475e+00,4.804800235624372973e-01,-3.799820340430483112e-01,3.057651304189506480e-01,-1.938379689722284693e+00,-4.543518617260216413e-02
1.453781110381262565e+00,-1.836358087452791388e+00,3.753784728221744582e-01,-3.452903078540606741e-01,-7.202343900777229656e-03,-3.999106766887791653e-01,-6.776075359536831710e-01
-1.404906910139671339e-01,-1.065713953866831432e+00,6.270529695203498344e-01,5.595464743248266259e-01,-1.768558019488098099e+00,1.344508776469564459e+00,4.888168123006513821e-01
9.129660937205555937e-01,-1.061880619972854101e+00,-3.529851304442588322e-01,4.882154780876499234e-01,9.333072629941835396e-01,1.037330391962194669e-02,-1.069186122817872286e+00
-8.898234581832335788e-02,1.104180648952966803e-01,3.256113019437469891e-01,-5.530654816074898061e-01,3.704566479026149550e-01,-1.551319146607731403e-01,3.082162613614433666e-01
-1.253154462374070466e+00,4.667570315685306559e-01,1.605099626697292781e-01,-9.844561587833214888e-01,3.718310192597199526e-01,-8.229251813415936478e-01,1.027045480172232406e+00
2.495999553188900377e-01,-1.323654941778673599e+00,3.031935895068532671e-01,1.380797456122150768e+00,-1.116202558615104978e+00,3.164993113203294905e-01,1.410347866497223546e-01
-7.625357528327687540e-01,-3.589919343386163142e-01,7.546956432699791772e-02,-3.997028341054063572e-01,4.110604353499165420e-01,-1.141158585243374324e+00,-2.987549530027837630e-01
1.145516557621537368e+00,-9.735481116758768483e-01,5.871751481083401503e-01,1.363532485154944407e+00,2.263472692477515480e+00,-5.942203010998012846e-01,3.466809071426862898e-01
-1.431334520844765423e+00,-1.945274390462130853e-01,-5.434806602793510466e-01,1.722306574776000909e+00,-5.630662413624948348e-01,-2.030978660589383367e+00,1.747073020285744571e-01
1.111833842136778383e+00,-1.234779286975747237e+00,-3.735943874692368438e-01,1.517135028954946507e-01,2.127521226394050446e-01,-1.587469556536241555e+00,-1.513719559473026610e+00
-5.197785384307714862e-01,-7.141775945339476905e-01,6.071501469134280571e-01,-1.165066045085385138e+00,1.403109800729635537e-01,-1.063499749004113815e+00,1.285624813664983046e+00
3.733547268280185127e-01,-4.734718090486047526e-01,8.272442023319772630e-01,-6.789585811973513074e-01,-3.060727426538864190e-02,1.882832208579402922e+00,-4.904520775853942749e-01
-4.725404600219153262e-02,-1.018916871298697346e+00,1.073959418886154982e+00,-1.766856472676280987e+00,-3.202987577915908379e-01,1.507373089907432462e+00,1.553671916353822624e+00
-7.012798174670614726e-01,-7.490454981063993101e-02,-3.833402903924716942e-01,5.286446099356264389e-02,3.560285873349996466e-01,-8.203897657636143037e-02,-1.922635065492194206e+00
-7.684564385301567713e-01,-2.964907663956279360e-01,-3.279894771030097411e-01,1.649751537154959369e+00,-4.367796681783113200e-01,-1.153457658751012443e-01,6.502532771817851609e-01
1.030753404186372846e+00,1.143808049245937514e-02,2.171776691309838803e-01,-7.276598089254761037e-01,-4.846641111075947889e-02,8.145830819543331547e-01,6.077408634035730978e-02
-1.123878081440312426e+00,1.024393456819913784e+00,-4.304925848324621662e-01,-6.226367428275879183e-03,7.853740204967251115e-01,-1.208866860492634893e-01,-7.300850629016041315e-01
-1.464864063549259798e+00,4.500999443955104318e-01,-3.721265332146311833e-01,-2.443174758601457941e-01,5.114503230931796152e-01,-8.032598615104306061e-01,-8.806973736354076765e-01
1.144668933032451985e+00,-2.039972263253004403e+00,8.308938895360655774e-01,-4.538276963122823693e-01,-9.286734066702872006e-03,-7.292948909401693047e-01,-3.817130226833341244e-01
-1.845858655864727860e+00,5.883929286046264417e-01,-9.588053878422787557e-01,1.355315898899675409e+00,-1.004070230389268792e+00,-8.170942068281309423e-01,-3.578291714559060921e-01
-2.124437238230911351e+00,1.044715308682006683e+00,-4.231377924488842202e-01,-3.816718495168420766e-01,7.120141857250511519e-01,-1.160631407023987371e+00,-1.876712831462673814e-01
1.372774784113743873e+00,8.712150208756952452e-01,6.245414075358757255e-01,4.407617495223986603e-02,3.656163720065805367e-02,-1.207186391547236726e+00,-9.232497980011117322e-01
1.387313273949339676e+00,-2.320003394914181616e+00,2.547660028221837014e-01,1.236075797805098020e+00,-1.676425082687964085e+00,-5.958944710598750305e-01,-2.570459827846876544e-01
-1.502701903480216095e-01,1.791515350432208442e-01,8.641047285516592069e-01,-7.458768608700441227e-01,-3.132051410026594207e-02,1.013300161271428967e+00,-2.611770875832334360e-01
2.511220187967617701e+00,1.629065100994283588e+00,-3.936606558890764163e+00,1.337874118615601571e+00,-9.071629483909413594e-01,-5.851954950119510057e-01,1.403075258005898052e+00
-1.216383450605355243e+00,8.897008888443222463e-02,-9.132503698585596463e-02,-2.613950191678393598e-01,8.757232741523347519e-01,-1.164818167761860979e+00,2.681699559909661579e-01
-1.114853062018921204e+00,8.034974299450296786e-02,1.404544158474039517e-01,-8.936242826425426777e-01,2.226253514290818247e-01,3.733887830518530793e-01,1.699846513537634496e-01
4.375175799205405225e-01,-1.125202425734862510e+00,5.872215331403264349e-01,-7.751108957651411391e-01,-1.409074851663960348e-01,2.344154954560194459e-01,-3.057959779916357146e-01
-3.213078505746203017e+00,2.056701279804188598e+00,-8.369594148995604943e-01,-2.223218514493371101e-01,1.424182282780155351e+00,-1.195464105923647935e+00,6.303964754511297564e-01
-6.244502719572889715e-01,-2.439546339056842053e-02,5.279462878138104776e-01,-9.739315839696293109e-01,2.760725526612644587e-01,-8.708211852527155683e-01,1.113648491054720191e+00
2.252698360854874071e+00,1.501166139110809539e+00,-3.950113068912172842e+00,1.562001570072194090e+00,-8.363782883617570940e-01,-6.734368678298386923e-01,8.313428630613537429e-01
6.131603934729972227e-01,-2.525282322125620427e-01,-4.964688921929577559e-01,2.606434331406751737e-01,8.714240301233652231e-01,-1.723410906634221529e-01,-6.082126636465922109e-01
-4.512642717177982044e-01,-4.671679848360574261e-01,3.462302566726670472e-01,-8.698280932131714493e-01,-4.436015272279177080e-02,7.423652579051829292e-01,-3.253765550826353548e-01
-7.417958853749636594e-01,-8.113570478855340884e-01,1.656915125630937721e-02,1.209876343092189277e+00,-1.175344114372571802e+00,-7.480715411191134478e-01,1.905738507678911564e-01
-3.007864739469666149e-01,-8.034840675390895193e-01,9.502595189321115798e-01,-1.379687019897365419e+00,-4.519449343955536658e-02,-1.839758939760978984e-01,1.419010171334576187e+00
3.800337030490951729e-01,-4.837490148904322051e-01,3.714762066625821313e-01,-6.146944710033350745e-01,-1.595930610208859055e-02,6.967396817607495185e-01,-5.112538537448484410e-01
5.489431442221976570e-02,-1.200798901107351657e+00,3.369220298148881132e-01,-4.667772823753227884e-01,1.631972888239077157e-01,-8.646580663036941283e-01,-4.437529243301311932e-01
-3.054089003016922099e-01,-7.196247838878173653e-01,3.066166725722722086e-01,-7.458521391957020352e-01,3.452732840194376596e-02,2.543818451859326535e-01,-3.441893907246085238e-01
-1.648077482166925956e+00,6.798241494560980369e-01,-7.333424825905605904e-02,-9.594108852385442310e-01,2.570883649729326370e-01,9.464884514771912949e-01,8.384213080912700233e-02
-2.056954322518981915e+00,1.890711804652404293e+00,-7.165672636471678292e-01,2.211585721743162036e+00,8.684398268288243683e-01,1.681056689621069633e-01,1.878440246264158731e+00
-1.386755394776380435e+00,-2.327145230522860986e-01,-5.281800382145600964e-02,8.294679355021409295e-01,-1.205586540196540657e+00,-3.648846842996196216e-01,8.132879285341610975e-01
-9.431492996198825862e-01,-6.542744026462719020e-01,1.582235160178524225e-01,8.942084220795819549e-01,-1.074487287522926771e+00,-4.505099522352004060e-01,1.182301320497258335e+00
-2.028972445072698250e+00,6.928643505894548360e-01,-3.782243452719783461e-01,7.122985744105613248e-01,-1.380596422397700307e+00,1.222501318916558999e+00,1.163430607175502812e-01
