-1.074125085212661368e+00,-5.944495549016415303e-02,9.352754937908426547e-02,-8.731452464925857360e-01,5.217642109780107340e-01,-2.690082387555829402e-01,3.103089710008956059e-01
-1.135162798060055156e+00,6.299252490471397570e-01,-1.348590506674927636e-01,-6.012437194150476172e-01,-7.854492119013315454e-01,1.173009062922369283e+00,-2.276425442603534632e-01
2.870707978425824369e-01,-5.650428579170907462e-01,2.103034164274235895e-01,-5.032428094810781349e-01,-4.380768126580852351e-01,7.304271887784217210e-01,-4.013671828681902864e-01
-2.075002794113511406e+00,1.178399371664649031e+00,-2.259665597037361362e-01,-7.795180247603867851e-01,4.059623951184560542e-01,1.857898432193318683e-01,6.068204887837372885e-01
-1.325686970614779137e+00,3.670051739906047272e-01,-7.902504110979557961e-02,-6.590240231818805805e-01,-3.771090095590902136e-01,7.918551154306479045e-01,-1.671754344193333852e-01
8.179951574988019170e-01,-1.458520321231804084e+00,3.253563150695712447e-01,-3.373832058432003622e-01,2.354210755288909176e-02,4.774153156520718477e-01,-5.864215355885163961e-01
-1.149035646198317329e+00,2.186655268350222170e-01,-1.350854429965828857e-02,-6.014792577777140492e-01,1.374741764398777377e+00,-6.722268028232165626e-01,1.731403732063941936e-01
-1.547163231876354850e+00,1.027287267118558001e+00,-5.366197418841898159e-01,-7.121300837083369695e-01,2.322637273529785662e-01,8.611126229503246465e-02,-3.592544324302051617e-01
-1.920093748023163460e+00,1.062780395674191247e+00,-3.509856612270650933e-01,1.794874331957051705e+00,2.582515106110087610e-01,-8.046615878338124750e-01,-6.418415061704300095e-01
-1.587247122108449870e+00,8.422263741394545589e-01,-9.791037297477296619e-02,-5.233114234169321533e-01,5.639006739578596855e-02,6.444857876927498896e-01,-1.230697060893517353e-01
7.479355125156237349e-01,-7.379683714149968266e-01,-1.778044577417744743e-01,1.573953050587038494e+00,-8.266778881298489923e-01,-6.142251663503434100e-01,-4.582997008789654880e-01
1.979589755904689052e-01,-1.802007133257428118e+00,3.558517467772578380e-01,1.076946832313044222e+00,-1.645921620155521292e-01,-1.617601457285134936e+00,1.048505473769626994e-01
-2.146102294519441678e+00,1.024461839392745599e+00,-4.055368520829003010e-01,1.608058750915921209e+00,-1.061149834061781219e-02,-8.362736205100743669e-01,-7.963462043161988468e-01
-1.240339456728223766e+00,3.363930821929076997e-01,2.641012209629153840e-02,-8.484476769922026929e-01,-8.142331483561264793e-01,9.359527290642324360e-01,4.013528068378383051e-02
-8.573172922628835568e-02,-1.110353743679154626e+00,2.285640494045139692e-01,-7.564169777762136393e-01,1.398196433510278558e+00,-1.184729430928288529e+00,-2.842485563305585661e-01
4.570353073736610483e-01,-7.327154223034100244e-01,-1.188462021576792982e-02,-1.154307450015143122e+00,-8.739088731964145262e-01,2.231664340348825104e-01,2.472771124250253416e-01
1.168022596222665133e+00,5.513606288039794023e-01,4.511927975119365275e-01,-3.579668396392043372e-01,8.126974677024757510e-01,-6.528472206151791912e-01,-1.058479349778097545e+00
2.212007517788483479e+00,2.213943618247622147e-01,-1.451701775706663478e+00,3.164517930397369727e-01,-2.425168928508549815e-01,1.199127774514648692e+00,-5.021155596143981326e-01
-1.077521783529899579e+00,1.775829884528294378e-01,7.041562393901507066e-02,-7.807701835376886779e-01,-8.808446905605059607e-01,1.028777493854176717e+00,-1.600089953435728796e-01
1.100405241779347065e+00,-6.746912865649818958e-01,7.648535954372422119e-02,9.449135019652319389e-01,1.166816498874268415e+00,1.220215329849131614e+00,-9.174295598630713977e-01
-2.348558782674530776e-01,-8.743036285622414194e-01,2.755356673790951977e-02,-4.781697573218116615e-01,8.234258268903780209e-01,-3.010434501068911528e-01,-6.891315009931279212e-01
1.657837817852577000e+00,-1.461135671090121990e+00,2.692931505760783883e-01,6.012369782221580472e-01,1.248465731149464686e+00,7.822568380962372503e-01,1.312019258948308176e-01
1.112575258696042457e+00,-1.958978870398956351e+00,5.067953590024936172e-01,-2.601345005824545198e-01,9.949060085100418227e-02,6.129956810064064454e-01,-1.031113673825435201e-01
4.439464965866610768e-01,-1.055992597045641634e+00,5.286825963082365520e-01,-4.796577758656156987e-01,-1.114999241562590004e+00,1.350836127186526125e+00,-6.303869781846722642e-01
1.496654871256484665e+00,3.902064449716077466e+00,-3.844744744891245070e+00,-1.597044721228230824e+00,-6.758347959838989505e-01,-5.163563067600328571e-01,3.452219661544110529e+00
-1.883360777773579020e+00,1.258929025108757260e+00,-1.802257936460323340e-01,-4.107785350692089721e-01,2.315767961485909188e-01,6.334453229987135892e-01,-3.721741120174383854e-01
-4.636855246203903103e-01,-5.048721851645561198e-01,4.992903596667680466e-02,-4.379654718837622807e-01,1.019877429005777436e-01,4.146466682984027430e-01,-8.151802365376891180e-01
-3.363871741993245124e-01,-5.868911326658521332e-01,8.273883502170822912e-02,-3.876870970196840682e-01,1.116618069192258367e-01,5.000879135140074983e-01,-6.575036767696482709e-01
2.138805140862202747e-01,-1.809256277637065091e+00,3.545015294664581318e-01,1.150638566663922502e+00,-5.675129962571577591e-02,-1.623504638678296974e+00,2.334600801256389926e-02
-1.332191532979558612e+00,6.708255010358581405e-01,-2.611243232293169458e-01,-4.937448761642550948e-02,1.100206479627943823e+00,2.599748092765546414e-01,-6.141055903016885420e-01
-1.238064180525487501e+00,4.597561375327935407e-01,-9.743164716943183978e-03,-6.053038664360650412e-01,-6.162167261633689774e-01,1.070139392015899471e+00,-1.677782151665546118e-01
-8.987943370429372081e-01,-5.758008983178771745e-01,2.030346045914737663e-01,8.705589583605266579e-01,-1.334667716511021229e+00,-6.925760238375407996e-01,1.642320866524757395e-01
3.758060230137311830e+00,-1.952230173556132042e-01,-2.456825739992525737e+00,-9.278910116900314364e-02,2.900599951981214231e-01,-2.979866423509957007e-01,-4.055309782188862844e-01
-1.187248306737481052e+00,-1.470647480029401710e-01,-9.729458123104245404e-02,1.441481900884400202e+00,-5.780221612669197984e-02,-1.093210697838420842e+00,-4.537114371717053674e-01
6.529964703781955537e-02,-5.212853996767458087e-01,-1.589755876417981995e-01,-5.105609086687294962e-01,1.001015173841026007e+00,-5.124433265313053099e-01,-1.677631939467682243e-01
2.887540547133736757e-01,-1.871229304288041906e+00,7.329923115140734025e-01,5.423488425321998374e-01,-1.766964120860103682e+00,-8.847487293889420013e-01,5.639405272792054058e-01
-4.557559291698387582e-01,1.279490052244384612e+00,3.540806008133428606e-01,7.918515081424011282e-01,1.064634299237400827e-01,2.506322300759497246e+00,5.580597001162768134e-01
-6.616541376206339642e-01,-6.722912560221743217e-01,6.352130680302291166e-02,1.340348010076414464e+00,-8.599342681964059487e-01,-5.894848975687444481e-01,-4.414856015224772334e-01
-4.520606018632855605e-02,-1.555815076577097278e+00,3.261789591388994936e-01,9.717590891813779885e-01,-3.387967508389460036e-01,-1.578651714573300779e+00,1.431262803258356309e-01
-2.820535213008817710e+00,1.575402862533221704e+00,-8.215154300884792982e-02,7.300423331100864832e-01,-1.539761951549037056e+00,-1.773794082574268460e-01,1.258578658466034339e+00
-1.560733112415045865e+00,5.213761080691819982e-01,2.712222193371068846e-01,-1.311385410355717207e+00,-5.733101873553125838e-01,3.477472496661077050e-01,1.195726715879817936e+00
7.596760669016314749e-01,-2.391500436528256390e+00,6.347254106977696653e-01,9.455295732748578708e-01,-1.290477003955614821e+00,-9.244456649040607710e-01,-9.902537883234432958e-02
-5.490305957520843494e-01,-4.233715306553715307e-01,-3.061277453367429180e-01,9.392183399460707349e-02,1.493901910805203403e+00,-2.290615127209844337e-01,-1.739663772470716463e+00
-1.065765620851944817e+00,1.180486835117820155e+00,-2.299684929655984589e-01,2.740225580117492451e-03,7.266362671281784147e-01,5.929622310049847966e-01,-5.058491731730075935e-01
-1.039492989126483025e+00,1.446897380077373507e-01,-3.674021127634816749e-03,-5.764453473573645237e-01,1.408672019508828477e+00,-6.599414159208147890e-01,2.766757843545672446e-01
-1.349671363683232761e-01,-8.075062083996668860e-02,3.481253929549794623e-01,-8.970519705840424018e-02,8.301138353878523279e-03,1.242324563494725309e+00,4.758913737858649906e-01
1.704928982316563424e+00,-1.876046495422629024e+00,4.280903145914099484e-01,-5.927704077317687004e-01,-1.483969791662713145e-01,3.588793172807026866e-02,-6.323615442229972849e-01
3.474919486996760121e+00,1.844494424571873958e+00,-3.475650136060426831e+00,6.438009801946180666e-01,1.468152041751368930e+00,9.597945217789261019e-02,1.584411963607916363e+00
-8.151993115873860940e-02,5.432584990304680783e-01,2.003675599325017986e-01,3.073355845535714614e+00,3.923571892141290984e-01,8.787431966133814054e-01,1.813440642469678343e-01
1.404785897615727475e+00,6.710315904945287624e-01,3.075018249658075312e-02,2.522261902632521036e+00,-9.685068717776236236e-01,1.091978813853385244e+00,1.158015497995622534e+00
2.868927352306619216e+00,1.913360254840331010e+00,-1.389998725410124480e+00,-1.424417281402302393e+00,-7.976668703317590925e-01,-1.007895486587060851e+00,8.861015807956703627e-01
2.256680996957568797e-01,-1.834210427811783672e+00,6.238461396306203000e-01,5.344390006826414963e-01,-1.534564913803020847e+00,-1.089409410976871939e+00,6.120164524664902794e-01
-1.174642456569515714e+00,1.678938153218740570e-01,5.294506448770449486e-02,-7.600975545166601677e-01,3.339028032112071886e-01,4.073041958300933213e-02,1.317291934327539105e-01
8.844571486314125597e-01,-1.918381265945754421e+00,3.594679450963523260e-01,-6.345491900385563655e-01,4.682808293735629679e-01,-2.598204675409768183e-01,-8.533867618375909347e-02
-5.762010740380353324e-01,-4.683270863746160639e-01,2.610478873180325718e-02,-4.526697700428572446e-01,1.054275029030565358e+00,-3.845636970296611445e-01,-4.949437995085617659e-01
1.242944376456420530e+00,1.581533670359425714e-01,-9.364697456863758929e-02,-3.849516410266897726e-01,1.509079419045399328e+00,-9.319573195047248237e-01,6.844120729565380534e-01
-1.277139443180593137e+00,3.960007349394418785e-01,-2.458966464089606084e-03,-5.813761669313407543e-01,-5.937419303674890125e-02,5.869403640441989145e-01,-2.815094948500213579e-01
-1.424257804488241019e+00,7.199302562350440304e-01,-3.135706861044548766e-01,-3.710526383683356300e-01,5.386392967544781918e-01,3.394859830714533899e-01,-3.927658913200573476e-01
-1.456724420892336003e+00,3.582102553558044744e-01,-1.391093934619700989e-01,-8.935882575519513704e-01,1.345490269531419036e+00,-9.862483835780830876e-01,3.844920000763117907e-01
7.671176849537039710e-02,-1.746802762769321005e+00,3.661340494548292468e-01,5.157625611810684463e-01,-9.858321055664629462e-01,-1.572646991541285288e+00,7.255316308126441571e-01
-8.688708068185573286e-01,-3.607907896450093799e-02,-7.712027633235651880e-02,-5.421321310282930517e-01,9.832396945235571950e-01,-4.209217260271210237e-01,-4.930492925001467297e-01
-4.628242575745997872e-02,1.516736840324805491e-01,2.916576639465979365e-02,-2.737197565008129274e-01,2.682892952041853740e-01,3.602930111371675514e-01,-8.043056690884102800e-01
-3.236732298564529847e-02,-6.017483686144418087e-01,1.652380343645314387e-01,7.712918957194914160e-01,-1.286371302784161674e+00,-1.050042917745034332e+00,4.371065482924845202e-01
-1.012005629733016443e+00,3.966840038251951417e-01,1.253452101172514432e-01,-1.374628930554608441e+00,3.330857605487151929e-01,-6.785589649561198922e-01,1.343552448475392014e+00
-1.563164739951273141e+00,1.029962699339414423e+00,-5.416391919773730912e-01,-7.254074651013526776e-01,2.187503846852994205e-01,8.387752793129389650e-02,-3.475692258277849334e-01
-4.454445103243349080e-01,2.184043108241909559e-01,6.748885510515534314e-01,-6.431757381515911254e-01,-1.014683152001266686e+00,1.327537491486617149e+00,2.586818992997841349e-01
-2.812287485936119102e-01,-8.317393135606824250e-01,3.204742166214643029e-01,-7.999673356205041497e-01,-9.559697388919219385e-02,2.398550975269195806e-01,9.840337200729504241e-02
-1.321679787128458239e+00,8.911331422424888515e-01,-3.092547513007537496e-01,-2.039933318914973204e-01,6.963542409831433577e-01,3.219838174128734076e-01,-8.010449187638524204e-01
-1.232042887652271546e+00,3.384342273434274295e-01,4.003623906633414081e-02,-8.734956899254303631e-01,-8.765860078302710745e-01,9.608140753803338097e-01,7.322726540385143812e-02
1.726487498643832635e-02,-1.059803616841971552e+00,1.531487249236111181e-01,-4.850891323210057560e-01,-3.586899623569217987e-01,6.264043752365748841e-01,-1.150423583720357801e+00
-1.213656863643966410e+00,1.152166961963191627e-01,-2.812439356961042303e-01,1.501877283488084247e+00,9.813659051086845442e-02,-1.195401686680293230e+00,-6.122637976893861023e-01
1.523012780475755668e-01,4.476695173129440763e-01,-3.778448603150087459e-01,-7.373492616116869014e-01,7.908787972803709154e-01,-6.807383058953463406e-01,2.726361717139613727e-01
1.551673157241220347e+00,-1.364399951649623854e-01,-9.811671783557274207e-02,6.084880981052681603e-01,9.668556229326884521e-01,1.141754004517747223e+00,1.024229711225215667e+00
3.333893109470821070e+00,-1.581046521545888872e+00,6.343921512652467287e-01,2.817884485118041127e+00,3.512440518882653073e+00,2.393751598248943235e+00,2.813030716718417867e+00
-1.028280538238943276e+00,8.262543812737399573e-02,2.667904373048641253e-01,-1.358760682490127492e+00,5.651110601673301481e-01,-8.446099170171257331e-01,1.290458593062509429e+00
-2.665861063513393914e-01,-1.051617938272307873e-01,2.094360929471219823e-01,-3.586456563046412360e-01,-1.525442483962799467e-02,6.547187155501801303e-01,-4.305704823403783132e-01
-3.202040665615194515e-01,-1.154697301866582704e+00,1.143892369918608209e-01,1.367922564644791228e+00,8.454751501758732413e-02,-1.499409896250896157e+00,-6.368113689984099546e-01
-1.511014886757776621e+00,3.549161518811245752e-01,-1.664878263540288394e-01,1.434478848935990536e+00,-3.905656183278530813e-01,-7.469937640547854585e-01,-3.868974870733667970e-01
-5.493883881135657177e-01,-1.067603363092294311e+00,1.648367505900829588e-01,1.049460207471526907e+00,-1.242081924285568517e-01,-1.612986195142576573e+00,-4.416285995357108196e-03
2.763894236041391506e-01,-1.474494115703067765e-01,-3.270416244366984304e-01,-7.402215172971055024e-02,2.005403465177683087e-01,6.691465994615710677e-01,-8.272446733642160321e-01
1.011556602266197702e+00,-2.257658907692753569e+00,3.913384650037438628e-01,-4.295007221743411541e-01,8.884939138473315623e-01,-5.027319783421284605e-01,-8.765208351574733658e-01
-8.581196479954419365e-01,7.935026346883632398e-01,-2.558859279481887072e-01,1.452277589624634269e-01,1.847022153972142089e+00,-4.232544372423160950e-01,-1.353580835174766905e+00
-4.353409848684774430e-01,-9.878149090103012231e-01,1.437712553343946098e-01,1.374099600847987324e+00,-6.196643040621129250e-01,-8.285966350591140728e-01,-6.132549037036745254e-01
1.062410323091519393e+00,-5.245483839135081303e-03,-4.242316090673339257e-01,2.933492358730806129e-03,1.228969478488464606e+00,-5.243075796333665495e-02,5.604881197929447723e-01
4.372205812905946565e-01,-1.500592594941568825e+00,6.370932627126318915e-01,-8.963583762078445316e-01,-2.669122307972929820e-01,1.715947877754005757e-01,2.594317892695051642e-01
8.893116564709793170e-01,-1.211522729123458930e+00,4.366291963211195726e-01,-1.417747948619708931e-01,7.128495880394037920e-01,3.467746659418472488e-01,4.167680793668419592e-01
-8.622621984148313157e-01,1.475160273446980697e-01,-6.292557930343271877e-02,-5.250634078943872129e-01,-2.562021811302467311e-01,7.502220983594255488e-01,-3.802892436261989806e-01
-9.698750514123648525e-01,-1.500368306068739221e-01,1.100919065215483633e-01,-9.535820913887412820e-01,9.885504550428764192e-01,-7.747698540875592732e-01,5.812682331420730986e-01
6.546179391835198202e-02,-1.208157825043817413e+00,5.137206039384559775e-01,-1.110586817355652789e+00,-8.775935129114985633e-01,4.642184212480180983e-01,2.692220339490098424e-01
-4.357419814874143871e-01,-6.160935675455889715e-01,1.947697411275991775e-01,1.132569942064223900e+00,-1.230073431513557525e+00,-4.683626189811885832e-01,3.082782914266636864e-01
-1.163034075949861634e+00,1.610651450497102288e-01,5.410153569179247668e-02,-7.707132277803959708e-01,1.880987140013765935e-01,1.622752739704284575e-01,1.637043374289498532e-01
-4.438379273286234272e-01,5.181577671720930672e-02,-1.800030860559545254e-01,-4.739124602194515895e-02,9.455573904202306812e-01,2.989180327984983787e-01,-3.826081342222193427e-01
6.268162306066109579e-01,-1.222257115724990767e-01,-4.187587402478969989e-01,2.370300923719730057e-01,8.856090557403084595e-01,5.332854797499583244e-01,-3.879181231319162593e-01
-1.558137894559012970e+00,1.026368094210930337e+00,-5.473131200136445162e-01,-7.303469109419709060e-01,2.185490193348660071e-01,7.524971243064626503e-02,-3.471829469730847162e-01
4.089012011732361951e-01,-1.303059091778364875e+00,4.069323780416840286e-01,-5.166120228487558474e-01,-8.307659962392409669e-01,1.114469180580024865e+00,-3.707396427265956529e-01
-1.732558194394692164e+00,5.104810292500426838e-01,-1.231877158906377057e-01,1.092277850200434886e+00,-1.546390521199821011e+00,-1.236004012564712179e-01,-1.175469345797179044e-01
-8.258926551756191614e-01,-6.197796612537687100e-01,1.925584776145995158e-01,9.623206837284132842e-01,-1.094465452381987891e+00,-7.920215595885984339e-01,1.293894163003837527e-01
1.192953915053506897e+00,4.620643686137750061e-02,-1.220227879802845417e+00,-5.274570462084271494e-01,-5.553439565315290011e-02,3.946988008885304877e-02,-2.906380738928898144e-01
1.564861543386839582e-01,-1.037105916294214447e+00,-3.682714443856235226e-02,-4.762076930762681459e-01,1.339814386039067218e+00,-7.993286760080221542e-01,-4.218335954008383126e-01
-8.246742406405370707e-01,2.554781127950266129e+00,-1.193997305662571895e+00,-2.551487814022739276e+00,-6.527662387089664398e-01,-1.229631855974501420e+00,3.528469953104027557e+00
3.197014960405206163e-01,-7.176962663528038133e-01,-3.109428256422648307e-01,1.529197162932252434e-02,1.678829810895056118e+00,-5.807542535094306624e-01,-1.130705832568217550e+00
-9.316393574611052664e-01,-5.075856520334851713e-02,1.630950748724006583e-01,-8.579537778274705095e-01,-2.537272369542837858e-01,3.284190655253131919e-01,-1.249293103008071587e-01
-3.945864119081001209e-01,9.412670460223306890e-01,1.028186450503559168e+00,-4.719797681997098260e-01,9.913615922181619189e-02,3.443845941300604507e-01,-4.682084480522445968e-01
-4.827576164191153540e-01,-8.606005550196560439e-01,4.868468377623490217e-02,1.450634521037118319e+00,-5.981886545964969493e-01,-6.770285167519923819e-01,-4.111271583801979213e-01
-5.693889651937689145e-01,-1.300446744258692888e+00,2.448026365329705745e-01,7.491946249522045687e-01,5.916472375625430047e-01,-2.552336054286107103e+00,6.547924761123280479e-01
1.312710611151479245e+00,-6.317057903601175362e-01,-4.843543605280725695e-02,1.794116933813914017e+00,9.414633310462550142e-02,8.843507074081349284e-01,1.272433179253629199e+00
1.406692594041520472e+00,-2.533339558965819194e+00,5.655027487657326990e-01,-5.658350767598809838e-01,3.238001196623531697e-01,-1.526359908715433367e-01,-3.710021664412635478e-01
-8.294502220299979633e-01,-2.810971942368857834e-01,-2.065788964255256543e-02,-5.503167320930818507e-01,1.121641869790901858e+00,-5.211395424517593078e-01,-3.785117867685398596e-01
-4.832168886995006907e-01,-9.487883749500823916e-01,2.769357892210731475e-01,1.022291942699394163e+00,-9.966515054926605721e-01,-8.662451176816532428e-01,3.814819491784016831e-02
-1.149843149209157200e+00,7.216341148144477247e-01,-3.620374955304626885e-02,-4.851512155678229521e-02,-5.335697792586436838e-01,1.786053886835340387e+00,-3.200981160367888378e-01
1.256057855375696919e+00,-2.364002112806941280e+00,1.637686152951416396e-01,1.191988531208417745e+00,-6.205359688717041466e-01,-1.447894571610588210e+00,-7.684166376648075003e-01
-1.071266432531846509e-02,-2.590312366801119648e-01,-6.182877083559139980e-02,4.798720502498848295e-01,4.194811372104120806e-01,1.525233160956911860e+00,-3.786504920288524811e-01
-1.198315837212288404e+00,1.056504663893621077e+00,-1.967134314594869704e-01,-1.330787813352374283e-01,6.682078924758904082e-01,4.313631831756900015e-01,-7.429661120698840548e-01
7.090802600006643530e+00,4.395309270941375246e+00,4.273315757223555278e-01,3.593232088780544231e+00,-1.523668222921648274e+00,1.585826809829741224e+00,1.387365502500793379e+00
-1.916308195361457467e-01,4.447251205755800574e-02,2.679765868649445215e-01,-3.270485698104714234e-01,-5.901244002436154684e-02,7.451338631543283908e-01,-2.954068992175318265e-01
-2.003839036295813614e+00,9.647016123155766065e-01,-1.042081183410226708e-01,1.228115989022080079e+00,-1.178101739412706683e+00,-1.744803054762295025e-01,6.336474817713054486e-02
-2.732690788602588405e+00,1.447536270663462910e+00,-8.437394710001176745e-02,6.344820064121705627e-01,-1.469731530652378160e+00,-4.007478802864730127e-01,1.263717814440084464e+00
1.964414784054145102e-01,-1.306897949362918476e+00,4.178226047871733129e-01,-6.611268034278441341e-01,8.512748231444640101e-01,-2.608713629335284168e-01,1.057063730192053130e+00
-3.442628595414350401e-01,2.981131016982093929e+00,-2.046219357305163911e+00,-2.784893671054432307e+00,-1.478651215195436297e+00,-1.171230969187849302e+00,3.376351830774766860e+00
-1.358138962973250763e+00,3.647380194009559595e-01,-1.998330008426429938e-02,-7.744555290799048919e-01,-2.550674608075896299e-01,5.717681345438807572e-01,8.834842900832051704e-02
-3.661826873573046509e-02,-1.176802457191623796e+00,1.529774108455308201e-01,-6.008871138210040153e-01,6.764490175515477377e-01,-3.412160371764830780e-01,-5.371463202612194454e-01
-1.279661919718551477e+00,9.639930249949429930e-01,-1.977144889160384333e-01,1.591536855791969851e-01,6.574272652107994441e-02,1.451367599500557048e+00,-8.091822332037086341e-01
-1.359448193804266292e-02,-1.491871618611805728e+00,3.373864103504988776e-01,1.098614345998982111e+00,-1.216479508316482328e+00,-6.943728794777682678e-01,-2.966824151764179129e-01
3.273510566396380383e+00,-3.176996108598254542e-01,-2.099463982851240695e-01,3.946736422903713293e-01,9.150857600503246037e-01,3.586140301418560550e-01,6.878847927438925813e-01
-1.495094314602664065e+00,2.431112668676556898e-01,-8.576118875875129999e-02,-1.341273964704123411e+00,1.101275482250072990e+00,-1.260636913026585981e+00,1.122606686110192875e+00
6.548720038853065306e-01,3.585234402179551805e-01,-6.850872896010425928e-01,-8.474209592492901733e-01,-4.004251475531435123e-01,-4.460705995456189232e-02,-3.734958727574515525e-01
1.715883301528955407e-01,-1.790616937424125421e+00,5.640861894457702697e-01,6.839561271735961068e-01,-1.105960334562360092e+00,-1.266460590052495006e+00,5.084082811045470551e-01
-1.681549757519347432e+00,1.135341257750248856e+00,-1.629458787338049497e-01,-2.507886183417157855e-01,-2.287002580339943525e-01,1.426071811682539936e+00,3.051780897416562222e-01
1.599729398322197738e-01,-8.886196837166717710e-01,2.998060902914743142e-01,-5.681382456258389224e-01,1.232909562259972835e+00,-5.303908529219399925e-01,9.385374217465832780e-01
-1.737802127381041561e+00,1.219497923991719412e+00,-2.747507493082680941e-01,-7.485138934526823773e-01,3.770884161093913112e-01,8.000537151939952907e-02,2.251767382823499364e-01
-2.598813469766164008e+00,1.980331996241925463e+00,-3.078246311010482961e-01,-6.040508207434561738e-01,1.158978954456786198e-01,6.846728925229265128e-01,1.946269694365798941e-01
-1.087436549129918273e+00,-2.921818071991291732e-01,2.200953789613209199e-01,8.500743455668461346e-01,-1.593095333881482167e+00,-4.139883385160215701e-01,3.776240615893320385e-01
-1.106830596639606812e+00,3.557883908125205608e-01,2.371958805035788431e-02,-5.172395090173765864e-01,-5.460442689339182198e-01,1.066635080284927595e+00,-3.892970146522307662e-01
-1.782650237945691218e+00,1.024116719460184788e+00,-2.167693753497047238e-01,-4.517120344861750847e-01,-3.284210277901807307e-01,1.129471230580501029e+00,-1.400190068999758175e-01
-1.069672910913005426e+00,6.894942596769625398e-01,3.087058267220221808e-01,-7.457557675815504883e-01,3.686152678489225121e-01,-1.849471528559356037e-01,-5.254392861438910156e-01
2.394425433222902910e+00,1.908506888558960890e+00,1.270349298079705536e+00,-2.718259471603031927e-02,1.032339976874091070e+00,-8.099383110008623321e-01,-1.386487146347314514e+00
2.484238850256957676e+00,-1.913015236718480505e+00,2.779042281067664599e-01,1.414502083575939206e+00,1.747076286631406905e+00,1.733064503208564533e+00,1.485368751545382615e+00
-1.483416497674222789e+00,3.600344125429805198e-01,-1.255247008190149005e-01,1.451832865976843800e+00,-6.579410195135066974e-01,-4.946561369821266263e-01,-4.477675115412722562e-01
-6.109405279794981602e-01,-7.728524130943656978e-01,9.624063561516253695e-02,1.271910454475347230e+00,-8.251013903711421626e-01,-6.818187783489567666e-01,-2.338562119337247447e-01
-1.410050371696941474e-01,-1.134910274526480967e+00,6.276707144562485574e-01,-1.626196466259179685e+00,-1.585990610083537922e+00,6.743443221323084380e-01,1.561693588616132056e+00
-1.332588352455226222e+00,-1.995942571051111392e-01,7.029534828557149062e-02,8.549871806457433054e-01,-7.036153170077901198e-01,-1.173184589928160104e+00,3.802207134093557594e-01
-1.435874639029616873e+00,-1.085252250799615126e-01,4.528873209286379126e-02,8.506228248363730815e-01,-5.633601843689411970e-01,-1.283129927023338723e+00,4.168943392668440495e-01
-9.170632394481361693e-01,-5.385022263574007484e-01,2.478254027076494670e-01,8.317062329737212600e-01,-1.554487406235325553e+00,-5.089900347530946778e-01,3.342577383426039717e-01
-1.338718720989448441e+00,1.291488026764088248e-01,-2.368594850974267974e-01,1.648104507773090255e+00,-1.429410481435171298e-01,-7.956585731737969569e-01,-9.256435784839630587e-01
-9.480937428819740109e-01,-5.500698683894259533e-01,7.110836002741077050e-03,1.285024175411184189e+00,-3.256976628945733587e-01,-1.066813461861644718e+00,-2.621141652217611195e-01
1.315757892015060548e+00,1.596907730090274813e-01,-1.004291403672662675e+00,-2.488313941700028564e-01,1.190473841308731101e-01,8.828801742254972773e-02,-1.103164574992158808e+00
-2.310296363752298299e-01,3.509404169164023757e-01,2.186164084356852222e-01,2.311768731172655633e-01,2.443011226506079936e-01,1.399898200309418250e+00,1.257998459003608488e-02
-1.390227929693844899e+00,5.339732234612960537e-01,-6.195355829733367736e-02,-7.059622855428583366e-01,-6.158806819428379598e-01,9.940271890403973298e-01,4.698533349529678688e-02
-2.442523671220551695e-01,-6.463466699807696170e-01,2.094815595329059810e-01,-9.273211825745431014e-01,6.730152865137750684e-02,-8.976107012738332447e-02,3.118152747541311220e-01
2.459020583727959397e-01,-1.361459774687419300e+00,5.945648251098120118e-01,-1.143098103641202679e+00,-1.295340632912781675e+00,8.129991050273995823e-01,4.634844596465486077e-01
2.997431191562479391e+00,3.522118559716213237e+00,-1.713400551544124406e+00,-6.977935634456985392e-01,-7.906345764401881970e-01,-3.552989253868472641e-01,-3.521576028171088391e-01
2.271345115170844586e+00,1.838029048157917122e+00,-2.121761036056714733e+00,7.664633133035449186e-02,4.776618496094834909e-01,-3.084193616088146822e-02,-5.080444423414520738e-01
1.597104790238035088e+00,-2.282751703098947704e+00,3.959123142087755398e-01,3.942024219537094143e-01,9.014984353307560205e-01,7.162288453528060650e-01,-5.570992797621518999e-01
-1.107880118727308405e+00,1.674719731490720509e+00,1.165141295396946663e+00,-1.044125980518319174e+00,-5.641632410028097899e-01,4.352270145987064409e-01,6.210141644601915312e-01
-2.196010116683671409e+00,1.214129532857644245e+00,-1.418985756466251968e-01,-9.626389060468099057e-01,3.177964803800224780e-02,2.299485170236237885e-01,4.337608219078315508e-01
-4.103597931211182964e-02,-1.332352496590153867e+00,3.438032609990880895e-01,1.125831796356158376e+00,-2.154623778815107471e+00,2.192887472475396060e-01,-2.436521895128044013e-01
-1.685894570820575478e+00,7.307118309531334122e-01,-3.196099127879525881e-01,-3.240165707567427278e-01,1.514560688814136302e+00,-4.650498545791378335e-01,-5.729889936818802765e-01
4.510231400630893006e-02,-1.027855430115954372e+00,6.695211940176230836e-02,-7.200596804825792896e-01,1.137498364628434899e+00,-8.801627246525811632e-01,-7.452154714219491605e-02
-4.166848897271948071e-01,-8.985376043443040750e-01,5.364337771344889205e-01,-1.536283051182983694e+00,-2.780279200761723302e-01,-4.171399769912422784e-01,1.253301995184683548e+00
-1.667491336375012123e+00,6.220102417989945565e-01,-1.639997101065020779e-01,-7.059324701329398044e-01,7.171280395475926328e-01,-1.429093560103987526e-01,1.603082388124624225e-01
-1.142029741805533405e+00,2.843928257103893464e-02,3.243615528099608736e-01,9.680672789378226284e-01,-3.657539083022507409e-01,-1.371324769883935479e+00,3.500487606010010966e-01
-1.441242542634602275e+00,3.517443146930063214e-01,-1.032982767937347113e-01,1.472573624723851449e+00,-8.340372812471639197e-01,-3.253328382625883530e-01,-5.163991146695001699e-01
-1.276335385757274565e+00,9.519181013671598190e-01,-2.678883814561361376e-01,-1.779275497431043185e-01,6.860085984780730506e-01,3.621879602458889513e-01,-7.796971204509718367e-01
-1.628697585446406082e+00,1.206125906325334229e+00,-5.526577604816264033e-01,-1.142113719800661731e-01,1.320434249279170413e-01,9.873374900106636209e-01,-9.331874684088785621e-01
-2.766416727227625771e-01,-5.159096677062007252e-01,2.244052631275657989e-02,-1.192050599324694232e-01,5.067571186885462264e-01,4.574043247590474648e-01,-1.006392115113281527e+00
-1.869242107400139186e-01,-6.393736078253494659e-01,2.157997652470330929e-01,-9.343823929187534683e-01,8.744331812526096037e-03,-3.779233615490345394e-02,4.115880068682799542e-01
-1.573507031899920916e+00,8.435651273781752391e-01,-3.886044923694463860e-01,-7.829732465765119886e-02,1.201932915979641914e+00,1.038571489354098432e-01,-8.650226067809206887e-01
-8.572156334750221651e-01,-2.999114051887139532e-01,-5.188050489883505589e-02,-5.740019569988218384e-01,3.137114307938550506e-01,1.037784814482248935e-01,-7.261122458518721734e-01
8.285366707705900113e-01,-2.668357602565214926e+00,7.179553820871452663e-01,6.347197849300025840e-01,-5.165081205452572988e-01,-1.934214175042826112e+00,6.451040902522569009e-01
-1.596565489683977157e+00,1.121587880997353182e+00,-1.045262470998968851e-01,-3.063813420315519287e-01,-3.668862120148436157e-01,1.379233502504230824e+00,6.840285017634450959e-03
-1.618702881548280903e+00,1.192426967088264789e+00,-5.647319337234127934e-01,-1.419831156634102920e-01,1.519543243991298143e-01,9.187330861040142738e-01,-9.579235643827177515e-01
-5.248214390233636450e-01,-8.115639568955739236e-01,5.066222955277708273e-01,6.953817887095413708e-01,-1.954563673056545436e+00,-3.241064324407328945e-01,7.528008838912093603e-01
-1.542994595920085255e+00,1.009247774792236596e+00,-2.482808712728929168e-01,-1.069639562734958499e-01,2.360730229173202688e-01,9.392039471525792660e-01,-8.130690612197001288e-01
3.027336410871187336e-02,-1.340659445855067800e+00,9.709617596407518203e-01,-1.838931334142571039e+00,-4.155891659642401703e-01,-7.936913567598677943e-01,1.347390912712927546e+00
-1.120317895500407834e+00,1.640170444825657659e-01,-5.808670709112518510e-02,-7.508644163375030045e-01,8.476088880373883194e-01,-4.380306867760399014e-01,1.078586443861826311e-01
-1.464057376254153775e+00,7.002735063542431249e-01,-4.391416575396655531e-01,-2.858376855214966872e-01,7.288386843385764591e-01,1.957462057930283161e-01,-8.680752017760587913e-01
1.933384942950537588e-01,-2.186976872207773148e-01,-1.526669602449403917e-01,1.787728639693350052e-01,1.423052866917050296e-01,1.342657251889942671e+00,2.169540029427247108e-02
-4.692233149629299049e-03,-1.598356441105297510e+00,4.171031237783079382e-01,8.253419818302678568e-01,-6.763500443449885768e-01,-1.443589426320466718e+00,3.978780590809758988e-01
-2.055698826287106318e+00,1.172721278818523283e+00,-2.379682716921014130e-01,-7.776815727204874351e-01,3.989628449855630588e-01,1.816613695502731773e-01,5.711901883976924221e-01
9.025362729885144653e-01,-1.911615343872877792e+00,6.546863628048779082e-01,-7.306428152242622209e-01,4.877528464044988965e-02,-4.829581629519286157e-02,-2.147078232579458235e-01
-1.753317371283647841e+00,1.711337114265066295e-01,-9.334108158451670870e-03,7.160947112833669914e-01,-2.681313344007179023e-01,-1.624199232965488848e+00,7.311340687679250827e-01
1.108568340069503666e+00,1.302917566055821208e+00,1.861211623789503999e+00,-2.647016422186441176e-01,6.398498814943450741e-01,-6.646464583816617810e-02,1.345642967843624638e-01
-1.228321664606796482e+00,1.016281330107673631e+00,-2.240868693252644761e-01,-1.503273354322502975e-01,6.750539319847437270e-01,4.047588277555687064e-01,-7.570926267455444503e-01
-2.938820923170240573e-01,-8.637687037383618982e-01,1.562765161995840757e-01,-6.636509242053705293e-01,6.440690357194812643e-01,-2.969009796481785757e-01,-2.003591418972405502e-01
-8.169475698231871696e-01,-5.230780599696733812e-01,1.601935915316056724e-01,-1.026312719568049259e+00,8.861606148722959153e-01,-8.024060202184958301e-01,5.643880980379856194e-01
9.892933494976205111e+00,8.937184002880002254e+00,1.030205684679705413e+01,1.742124664984596283e+00,2.644813467235214599e+00,-1.624135068199707543e+00,-1.108946449966906611e+00
-2.647436716103045651e+00,1.323440202333362015e+00,-8.653081705268146628e-02,5.417395577541956886e-01,-1.401766163235458329e+00,-6.175296742044706910e-01,1.268705427244876782e+00
3.895962299147343825e-03,-9.183173784598980260e-01,2.904085231604720541e-01,-6.263931888553955218e-01,-3.379213590541002565e-01,7.557703695113945352e-01,4.607038659592968544e-01
-1.529755428163867892e+00,5.876244844128025724e-01,-3.108076089202799208e-03,-9.393499820076582907e-01,1.224259347310265311e-01,6.907472898607691647e-02,3.831412709342675305e-01
-1.535687409439292717e+00,3.703092604398093290e-01,-1.530724005305311164e-01,1.426126517843572028e+00,-4.396851753416415320e-01,-7.045174885870392201e-01,-3.627046696038567775e-01
3.599437211129262737e-01,-1.385455019949570099e+00,1.723834458536142034e-01,-2.813205869925968217e-01,4.569842561901759082e-01,1.996784654215852939e-01,-8.735076293285105598e-01
7.726111819551836346e-01,-6.512675345344849376e-01,-7.521201291789344351e-03,5.666236533568575623e-02,4.220009246679730652e-01,8.667584096250601222e-01,3.357924880777073406e-01
-6.952112076096299553e-01,-3.907261817694950845e-01,-6.363749118613742928e-02,-5.961936796125606453e-01,8.508215268738316128e-01,-3.432961593228515129e-01,-2.654473969009191192e-01
1.663873239194003373e-01,-1.311750083909600351e+00,2.670835570981515139e-01,-5.713796002482738334e-01,1.304758888775269021e+00,-8.675622647758668426e-01,-3.421181105664636291e-01
-1.471210828806863935e+00,9.263096549892568810e-01,2.658121888226501750e-01,1.561347098427672275e+00,-2.486585552242839836e-01,-8.527926837294053097e-01,-9.241273809464977118e-01
-4.505599599432753566e-01,-5.299726326575704416e-01,1.436007910430395912e-02,-4.014547358161610902e-01,1.122363960599833677e-01,4.113991216320026512e-01,-1.031570083874858268e+00
5.900212002016320678e-01,-6.389019886814325533e-01,-8.538297610128897652e-02,-1.182493393077829635e+00,-1.020474804234536181e+00,2.725614970312719709e-01,2.615375678600847520e-01
-1.221355225183251125e+00,1.345025687478773602e-01,-2.896030003047220247e-01,1.508163599231412855e+00,1.104230454451446963e-01,-1.199129307599600125e+00,-6.224142224014054259e-01
-1.781424707455625089e+00,1.019704423683684080e+00,-2.155325682890586181e-01,-4.520194555530563374e-01,-3.234147189749381757e-01,1.125033087739372384e+00,-1.375138571212767835e-01
1.230537269154321489e+00,-2.749492476174202338e+00,7.559926929019918918e-01,9.721373097473551272e-01,-1.840635759776028113e+00,-5.229275826990371634e-01,-3.904180873419456077e-01
-4.393711805215254618e-01,-5.513693022329537730e-01,-1.596038499646832559e-02,-3.703314597944918907e-01,1.209727759713591227e-01,4.086307772440813113e-01,-1.216029825647575890e+00
2.421063431636708785e+00,2.219556192489835933e+00,3.575271996015341180e+00,-1.103399454739050656e+00,-1.041192695085229714e+00,-1.157363084701084205e-01,4.071654256779693171e-01
-3.531274948084822674e-01,-3.382283828554301097e-01,1.108411452220166155e-01,-2.019138361787925495e-01,1.388124806546191081e+00,-3.084614239786196421e-01,-2.753683159908130174e-01
-1.815991503768186410e+00,7.685650507574434132e-01,-9.888763322431301517e-02,1.310285769854312221e+00,-1.108928920659788764e+00,-1.839534347664985858e-01,-1.359136009232536635e-01
-1.056453339404294978e+00,-1.763870052805707744e-01,1.336231846446488125e-01,-9.950861867335470956e-01,1.106993045756012206e+00,-8.326693195466532416e-01,9.556715825416207677e-01
-7.735238236731655226e-01,-3.723678559447296532e-02,4.130469313467646786e-02,-4.300144869658756308e-01,1.407852560910154205e+00,-5.256842613562885402e-01,7.539336775154120707e-02
-1.228686461530170693e+00,1.150357313619403632e+00,1.151586046594775953e-01,1.010724631931840950e-01,1.960443944897902080e+00,-3.936866390207551802e-01,-7.961465477801628055e-01
1.099899293837434122e+00,2.855310665686860983e+00,1.473136667687472423e+00,-8.014815559335330963e-01,-4.532908186727915845e-01,-1.770154907585428650e-01,-4.121104081091950810e-01
-1.452570793054394738e+00,3.241393374855034426e-01,1.204454916419009924e-01,1.034609197610894427e+00,-1.852179026530954342e+00,1.318497185328548760e-01,3.196102053570346047e-01
8.637325676836418165e-01,-2.263772692632380235e+00,6.481035786834086210e-01,-1.094578882130841313e+00,6.265044013023066682e-01,-8.226594385846730528e-01,9.925147529036690841e-01
-3.908533703597262821e-01,-5.603346456916064033e-01,1.383379224917455630e-01,-5.060002863938456441e-01,4.990618901055577927e-01,8.492615833161358541e-02,-1.974581401770295896e-01
-5.407819963616757875e-01,-2.053276318706660497e-01,1.603655931961299186e-01,-3.514782959536687512e-01,9.244019526888814786e-01,-2.555990714853897255e-02,-5.548669360173665022e-02
-6.308246439918478721e-02,-8.393846495411363406e-01,6.935991859061661768e-02,-7.285982799705857937e-01,1.462996433108861294e-01,5.911832777684105505e-02,6.710759303153430999e-02
-1.411114235015455742e+00,3.458220193336499770e-01,-8.742012309251959157e-02,1.487390446129320809e+00,-9.598372527961710476e-01,-2.043713484967284721e-01,-5.654282856234662535e-01
-1.085522008783695869e+00,2.663626162638603467e-02,1.977591758602080529e-02,-7.937041028631854900e-01,6.919418081818794475e-01,-3.412014387276028904e-01,1.726118044232077819e-01
-2.352929257089345638e-01,-1.062414183949485391e+00,5.064246562779808336e-01,-1.382105052192426520e+00,-7.397869570455141153e-01,8.480543542958877967e-02,7.204836834201719942e-01
1.542100059923135147e+00,-2.502238667941593664e-01,-5.948152278889489164e-01,-4.675790359523370743e-01,-7.125568524970975481e-01,6.863243673723237182e-01,-3.056524884661645514e-01
-1.612524951235575765e-01,-5.310263096075087397e-01,2.643749254671295956e-01,-7.948322035556474319e-01,-4.063293609860808842e-02,1.946770144888445853e-01,3.402447671191000111e-01
1.423927875650615293e+00,-2.023178297847038731e+00,6.476145138752742447e-02,-5.393622616948264836e-01,6.361868735581444056e-01,-5.559266738937216346e-01,-7.614502768739254135e-01
-1.034227858040597692e+00,2.171966576490007850e-01,4.918265520297604443e-02,-8.403035194673890151e-01,9.291114785680740784e-01,-6.232964411752570655e-01,3.215781114467838875e-01
2.352959170758599575e-02,-3.509615836464027305e-01,7.584303726337292550e-01,-6.672791627323799712e-01,5.297130701998139027e-03,3.853370741442799230e-01,6.693994000274466893e-01
1.233220680794793189e-01,-1.768024630954578624e+00,3.621812886473972926e-01,7.314950933031103553e-01,-6.701280104665926496e-01,-1.589928553452405913e+00,4.869271141540832404e-01
1.419350304277485764e+00,-2.199932084952961109e+00,3.887897018408947858e-01,1.070628194153720458e-01,7.857244618362110300e-01,4.371262726386865860e-01,-4.183385417052459809e-01
-9.339293156856476319e-01,2.810808999614523504e-02,9.864640102435048852e-02,-6.946027673135637404e-01,-8.848021743390055427e-01,1.091934141855229967e+00,-3.767494235310722694e-01
-1.566553593497634456e+00,8.533759570462511324e-01,-3.134182805536516181e-01,-1.514732130319441650e-01,4.188201663621103910e-01,7.167172727921393705e-01,-8.239733439061958098e-01
-3.032847668273171982e-01,6.259688637092777896e-02,3.710225404533031845e-01,-1.014264234134559350e+00,-1.054156209851483617e+00,7.815699127785624700e-01,4.050388731218766414e-01
2.431169996990488746e-01,-1.839830095729360515e+00,6.672019277307296159e-01,5.975060949099866292e-01,-1.509497474593805899e+00,-1.033428774257618254e+00,5.423102409198721219e-01
3.888274540592746131e+00,-1.050325834490960508e+00,-1.510060227762006546e+00,2.813258221854033625e-01,2.856954596290334214e-01,6.474110834606539022e-01,7.683574412429132749e-01
-2.062245967793774337e+00,1.368543960943514826e+00,-3.786833259437100835e-02,-8.637463547735215741e-01,-6.243839006650871992e-01,1.031938823930724780e+00,7.884156645410156372e-01
1.819214136781572178e+00,-1.348410198600327403e+00,1.574740940600268591e+00,-7.128972780468570969e-01,1.249735828950668398e-01,-1.683639896553767723e-01,5.032573238185397146e-01
-7.504242049141436333e-01,-7.039371833270255951e-01,2.089429391836449545e-01,9.557784425148341256e-01,-8.426146516227480676e-01,-1.036390931912976932e+00,1.635185933472819431e-01
-2.046876674726776646e-01,-1.124543257356651393e+00,3.548910009876001803e-01,-1.140343357038324790e+00,1.243131341150793823e-02,-2.721410896211942654e-01,5.805022771694882122e-01
3.166244552952584557e-01,-1.377668271804070699e+00,4.597356679584329586e-01,-7.869764937847347763e-01,-5.846983797149420958e-01,5.382875896513841241e-01,-2.020109959509725495e-01
8.427706138846697836e-01,3.222039217660984667e-01,-9.375589815408371663e-01,4.177088698688671137e-02,1.358590133195326288e+00,-1.777721254665749762e-01,2.093291217008128868e-01
-1.456555224602520404e+00,3.067508309491171481e-01,-2.148633228446525101e-01,1.617665650607125860e+00,2.438692047152923037e-01,-1.122936069357388655e+00,-6.694650901580818658e-01
3.925590248325662723e-01,-1.040668533308670041e+00,6.312671507617253486e-01,-5.963803979083553974e-01,-1.133616494890991699e+00,1.213632095580075898e+00,-5.698201710710266710e-01
-2.096408746927588052e+00,9.097259536753312670e-01,1.218128154256951506e-01,8.198249615669007673e-01,-8.151831081929592493e-01,-9.875944234414415490e-01,5.646284616516102917e-01
-1.178038082648043883e+00,5.613730461881415862e-02,-1.914623744469539368e-01,1.548304851534214377e+00,-4.837109415871528040e-02,-9.497179622368949747e-01,-4.042248485538291747e-01
-2.578691606410520976e+00,2.088758867994944701e+00,-7.494996539680461867e-01,2.398463576523610086e-01,1.076801846832922571e+00,8.548070599636480305e-01,-9.100933583754857725e-01
-5.684770582220489699e-01,-6.676586645969371236e-01,7.591974996555299338e-02,1.511092292958818639e+00,-2.944608731425107928e-01,-8.184842173504461860e-01,-2.029462364608372316e-01
2.685797512796878284e+00,-3.582110519569788321e-01,-1.480678374167675004e+00,-3.274269235460890992e-01,-6.311688841802909344e-01,4.816484398324821781e-01,-4.423541602283047602e-01
-1.648510812467289366e+00,9.868865846182871548e-01,-1.791913022265807232e-01,-3.254548060779907104e-01,-3.513085705300279804e-02,8.299285635119660887e-01,-1.007070163043578326e+00
-5.661092831919213308e-01,-8.406434368964768034e-01,2.462192736655650915e-01,-1.100140446707506214e+00,6.983506203783963473e-01,-8.113559300353301307e-01,4.208148206571473149e-01
-3.091692867339836504e+00,2.360854470277693462e+00,-5.676430259731950478e-01,-3.493412848309656593e-01,1.708746484033920154e+00,-1.610051199750514028e-01,7.783300334020439859e-01
6.593189210188947491e-02,-1.717923190360700181e+00,4.117718561397558652e-01,8.116532105434172140e-01,-5.098874996062749965e-01,-1.610676577371511931e+00,4.583310136289601711e-01
-2.453873540284689514e-01,-1.246390551401618474e+00,1.480251310293490274e-01,1.337484549760986408e+00,6.475380971419206211e-02,-1.516793586039868691e+00,-5.443338729387009467e-01
-1.862708231040032247e+00,7.026200890662798182e-01,-2.229267549049873676e-01,1.401203233305330587e+00,-7.864596579095873841e-01,-3.273294137409734628e-01,-1.491828260361907077e-01
1.632482925237652926e+00,7.137527053417858092e-01,-1.463430275517677792e+00,6.877742829791543278e-01,1.784869693772082933e+00,1.873687303515269853e-01,1.899943877405755321e-01
1.987261154914235162e+00,-9.023402378638667454e-01,-8.571907805042878747e-01,-3.856543613707267837e-01,-5.135112340313686685e-01,4.755859225269588042e-01,-7.269525613592660029e-01
-4.139176179354019935e-01,-8.397917990577699054e-01,2.493522166500011794e-01,-1.014143281760685245e+00,2.705030361952778795e-01,-3.799029782472373440e-01,1.934115575635420026e-01
1.752902056335950975e+00,-1.385784873570681697e+00,-1.660521473748306220e-01,9.115540114857815235e-01,-1.877541305128964000e+00,-6.697588293764814571e-01,4.763648508942254778e-01
-5.261605922503870270e-01,-5.303395647223527742e-01,4.231013272889440346e-02,-4.688909344056238493e-01,1.014265782301331686e+00,-3.699825127339587683e-01,-4.561046541804372190e-01
2.510818400743409118e+00,1.988425918651345325e+00,-3.557794980616086011e+00,1.613359785232036492e+00,-3.160379107119155595e-01,-1.536161712819909653e+00,8.054602712136574860e-01
-1.555393471514916914e+00,5.304759026564077606e-01,-2.609641413711289437e-01,-4.047759483279089743e-01,1.445124927976876306e+00,-5.173748275787294348e-01,-4.747897750974815478e-01
-1.426440925126650550e+00,1.557427465719951887e-01,-3.851394729646230586e-02,1.125775700851283201e+00,-1.296415549233731035e+00,-2.697386312141850651e-01,1.810640589639360143e-01
-1.076666173682617300e+00,1.068187102086164131e-01,-1.478663693795276846e-01,1.817082257486765107e+00,-3.301369452458237097e-01,-3.509534537027946266e-01,-6.495095779001992531e-01
-7.407471594897643286e-01,4.630965306733832165e-02,2.239251323150668882e-01,-8.055348524978741542e-01,-7.168451466840171094e-01,8.236449751549583809e-01,6.761779178692772785e-02
-3.037782709366367295e-01,-1.079420911682088535e+00,3.058487044260995713e-01,-1.070103038644248494e+00,6.235859799405318871e-01,-7.187158901884690421e-01,5.125889261786068518e-01
-3.026404570724677612e+00,2.109360258897510665e+00,-5.517336809981048251e-01,1.660472642476950922e+00,-9.389908042477055350e-01,2.622473878323464680e-01,-6.056494111113072121e-01
-7.099562686507245035e-02,-1.345793039353350595e+00,5.363976107219592393e-01,8.383217042917472384e-01,-1.592038163172480925e+00,-5.917845734043039041e-01,3.578929483582352078e-01
-1.609415933247489328e+00,1.175747601007219423e+00,-1.194587751358272137e-01,-2.115736427317238266e-01,-2.763458257064599355e-01,1.511018843437525128e+00,2.978823057657336570e-01
-1.621939893963746382e+00,1.228531320297112428e+00,-1.340119221608380429e-01,-1.191746608785848455e-01,-1.881057400038454730e-01,1.639456000074942521e+00,5.815300115133328340e-01
-1.418995981164352660e+00,3.473713273542429758e-01,-9.157394342548161315e-02,1.483514276696649592e+00,-9.269272249970119670e-01,-2.360156004135211538e-01,-5.526019601545756332e-01
5.318095514415577263e+00,5.639310184596007858e+00,4.632934794830170233e+00,-1.160440936501177633e+00,-1.334963437828115662e+00,-1.107909082694623626e+00,-3.581608499431566117e-01
-1.500465168855049380e-01,-2.681018473363637189e-01,-5.266401136575843411e-02,-2.283171715321505035e-01,-2.007845791941526847e-01,8.785029335702716491e-01,-9.716535266832623252e-01
-1.304731058743377192e-01,-1.346502977006990065e+00,2.941084311928258144e-01,1.109053677802722460e+00,-1.021263625177275758e+00,-8.819192383789773437e-01,-4.758688456557890745e-01
-1.213535633712889972e+00,2.280506628195733410e-01,-1.021530037706935012e-01,-4.586271658400646878e-01,1.331388954980445183e+00,-3.702168386079577878e-01,2.953256766124283672e-01
-1.056656543994445085e+00,1.360289346714778358e-01,-6.917652670585014429e-03,-5.818714874943966553e-01,-5.527328818071901573e-01,9.634830733446047013e-01,-4.646084535693222883e-01
-1.148556503700193465e+00,2.168416558071547262e-01,-8.596557393977752315e-02,-4.974566415329786939e-01,-3.040744950439436822e-01,8.672970176261068920e-01,-5.303985918423507195e-01
-2.256994737590908517e+00,2.077255509967170788e+00,-4.539019167604487204e-01,3.341122672345163691e-01,1.352888340485280949e+00,5.518418182302098351e-01,-1.344036649610082179e+00
-1.218538180464309867e-01,-1.541740344828783638e-01,-1.272685821378444770e-01,2.184361670610714956e+00,-1.065044064421866832e+00,8.134818229331255424e-01,-8.964592553387282226e-02
-5.500671423782295122e-01,-5.146190346081869899e-02,2.543969366598025084e-01,-6.004769361656637772e-01,-7.906486274871546982e-01,1.130772507017478334e+00,-1.331304317716984209e-01
3.301700741730006161e+00,3.683394127360326564e-01,-2.756123406560977429e+00,-1.171835567378880727e+00,-1.128213246422925531e+00,-5.636141541180782477e-01,-1.240373999255944687e-01
8.948426966917798209e-02,-1.109299204275603579e+00,3.586649771749388371e-01,-6.923093125345993748e-01,-5.581793687944052174e-01,6.593034612901647051e-01,-3.296873406890241665e-01
3.423743614195184914e+00,-1.541675701962342382e+00,3.270105983338855271e+00,1.082424351925079353e+00,-2.034661004770823567e+00,-7.351463529166867295e-01,-3.366126480834843449e-01
3.149083079962994858e-01,-6.065426455599183253e-01,6.682387722131910568e-01,-4.437186211023849136e-01,-1.203680210726209232e+00,1.589065771918729997e+00,-1.737214304616518656e-01
3.499374177254270246e-01,-1.695272245623249630e+00,4.141405230620269773e-01,-8.028891618253991558e-01,4.390247407363226939e-01,-4.052836896085172946e-01,-1.941412314303337106e-01
-4.483889525820636823e-01,-9.470391602580168211e-01,2.284433558024833444e-01,-9.356975717695773520e-01,1.077788983442292903e+00,-1.072944753138545870e+00,-2.050029982375919935e-01
-7.353886572597655436e-01,4.681452949188529000e-02,2.274001238681792048e-01,-8.086118956241337141e-01,-7.121863411040615377e-01,8.162031486097045541e-01,7.994368544661645259e-02
3.230321156958358975e-01,-4.823842991024999138e-01,5.836534943538880249e-01,-4.486617201742965633e-01,-5.930388854792688624e-01,1.086206672883877955e+00,1.738887223383904779e-01
1.719594641519508915e+00,-2.199234484361474617e+00,9.154852039622189963e-01,-8.623471507756386156e-02,1.038007790055992308e+00,2.479558260084357146e-01,1.627689283581877699e+00
7.441258829948393938e-01,-1.996959740814274742e+00,5.833633019874675529e-01,-9.307725989693127477e-01,-5.079921490124681416e-01,2.858059476159726109e-01,1.965264406421370624e-01
-1.782564332156874487e+00,1.027227668915141390e+00,-4.333316079586450598e-01,-5.638707501307602676e-01,8.304444069507508353e-01,-6.339768053497661648e-02,8.955967539199699567e-02
3.105515932904689080e+00,4.036971454202670451e+00,6.655223308357308021e+00,-1.543331782135765717e+00,-1.061150730560855182e+00,-9.743441030744611764e-01,4.558368059999468591e-01
-1.228364101542844811e+00,9.203645129274216075e-01,-1.719833123253045049e-01,1.570120982620596684e-01,8.192388877772535660e-02,1.422219228508728062e+00,-8.245825999539886375e-01
-4.173449268733427919e-01,-3.475863892729714189e-01,1.079007701203831271e-01,-5.914996056740839947e-01,-5.575899778407329421e-01,8.534330230114912652e-01,-3.962894433680442252e-01
-1.239105278315436598e+00,1.033354641168648058e+00,-2.175751394047492626e-01,-1.271231378331146855e-01,7.262325628832215774e-01,3.957579016986246812e-01,-7.562356564322392227e-01
-1.166403609519416129e+00,3.483897890297021904e-01,4.564265963492639827e-02,-7.335808270261993114e-01,-7.844275588532785282e-01,1.033473433838992372e+00,-1.078719049747812742e-01
-1.087621903087187814e-01,-1.752617368061220315e-01,-1.145995339415960407e-01,2.156124429829302969e+00,-1.065925021603274514e+00,7.737507892186281655e-01,-6.536651115047392713e-02
-1.684351503877215439e+00,6.339796601749856375e-01,-1.748626853925485669e-01,-6.915784471291228641e-01,7.582943718511383491e-01,-1.570446797375138759e-01,1.533961575530745081e-01
7.777870750936571875e-02,-1.205300761977998070e+00,5.275826835591681530e-01,-9.936651146409277713e-01,-6.338155033057298882e-01,4.499803078302228587e-01,4.149361413926032083e-01
7.263873051675612258e-01,-1.232361533039337154e+00,-8.571329141587926206e-03,-6.994063914661442505e-01,-3.222040256972673600e-01,2.337483250321713557e-01,-4.874261319414680549e-01
9.235805179442510005e-01,9.137098421474268983e-01,4.147517318613996307e-01,9.625754381361029816e-03,7.529670633556644344e-01,3.960721514019501233e-01,6.097201722117518985e-01
-6.077871083683418219e-01,-6.918177377434806541e-01,3.093174922808639149e-01,1.044532624378816221e+00,-2.004096305935510802e+00,1.019226632484745709e-01,4.291101650843506810e-02
-4.468240865293697794e-01,-4.226940060414756117e-01,8.040609346485448616e-02,-6.382640274649883372e-01,-6.465339950383542922e-01,8.711433355904971698e-01,-4.147718028281643932e-01
-1.650077327783908032e+00,8.001077020780920090e-01,-4.277662731345857616e-01,-6.711733854350249162e-02,1.310857335179816952e+00,3.701860288038408969e-02,-8.899323116111935716e-01
-1.761294342113703948e+00,1.699246811453521078e+00,-6.871543720413545442e-01,1.539188292580602468e-01,3.656178162944296317e-01,1.289721141682955929e+00,-4.145503396147349751e-01
-1.045097038161520442e-01,-1.260798038435496204e+00,3.511436587805575327e-01,-1.047286402466464317e+00,5.667942089514678150e-01,-6.483458342825199061e-01,5.823012119995029101e-01
-6.704897225025082674e-01,-5.666085155637864412e-01,3.893344534002861623e-01,-1.500561167312727706e+00,-1.272253067608100086e+00,4.431740071633964440e-01,6.841641743532731468e-01
-1.970960535489199916e+00,9.731360149770852397e-01,-3.176553537121721837e-01,1.637339305178968862e+00,-6.440238668680403622e-01,-2.026937127816638151e-01,-6.446946904392540922e-01
5.900212002016320678e-01,-6.389019886814325533e-01,-8.538297610128897652e-02,-1.182493393077829635e+00,-1.020474804234536181e+00,2.725614970312719709e-01,2.615375678600847520e-01
-1.737395185344208448e+00,6.716365823614508512e-01,-2.090386329791642794e-01,-6.464193332659392555e-01,8.878075464734126454e-01,-2.015157449932969136e-01,1.316500962195183422e-01
3.816307142063301572e-01,-1.229569736361229682e+00,4.396446010498196721e-01,-5.320362297543991259e-01,-2.965453744857950436e-01,5.610677187558276158e-01,-5.719464567346999040e-01
-1.079112460367520843e+00,2.332862328214371228e-01,-1.555019911932946641e-01,-4.420935251420640144e-01,-1.804286506616411823e-01,7.947431558303451604e-01,-6.338622866006471401e-01
-3.425832184651328993e-01,-3.320788572748765710e-01,1.148464763878466327e-01,-1.900610660276644548e-01,1.403905269312998749e+00,-3.048642100002602606e-01,-2.649893881750128299e-01
-1.981141960180032635e+00,8.092213512580248569e-01,-9.497953991498823967e-02,1.104612828757303378e+00,-1.651600614615889695e+00,5.323010834884540216e-02,-4.418310736499233421e-02
-1.452339054998461387e+00,4.555418273087719072e-01,4.909092637898681416e-02,-9.607441274312841228e-01,-2.362126343920326055e-02,1.886486469354678452e-01,5.046762810421149270e-01
-1.746172781397660190e+00,8.232004269510729833e-01,-3.466982835199038382e-01,-2.867139672291879049e-01,1.546632935221235794e+00,-4.408810486633941705e-01,-6.183470267392989772e-01
9.841807439244731892e-03,-1.256888057389420110e+00,3.074691029326404035e-01,-8.592272939701479650e-01,3.950578462925563583e-02,-4.544093908525704412e-02,-2.678807957008033647e-02
1.011556602266197702e+00,-2.257658907692753569e+00,3.913384650037438628e-01,-4.295007221743411541e-01,8.884939138473315623e-01,-5.027319783421284605e-01,-8.765208351574733658e-01
-8.221585913636479948e-01,-4.627999722915705494e-01,1.664240593273219881e-01,1.171031829883024900e+00,-1.957598641176495180e+00,2.621696019757141505e-01,-5.338547329699600691e-02
-1.310341249258706986e+00,4.993710778437712161e-01,-6.215025793372261874e-03,-1.151170503932390732e+00,5.139479631179427743e-01,-5.482846771147695808e-01,8.786507953022105744e-01
-1.942172871319536032e-01,-1.130476664948880439e+00,3.612681886291766453e-01,-1.173181836382430676e+00,2.217274015926942732e-01,-4.735351502764903464e-01,7.604471681208568867e-01
-6.601936063650966080e-01,-5.544028365249846768e-01,2.365696191991750047e-02,1.503389220639365531e+00,-9.200930720499539417e-01,-3.812162445240681596e-01,-8.224136558934654895e-01
-3.714172572429502717e-01,3.068213317012128405e-01,-1.130275626354153712e-01,7.539451057616816110e-01,1.108265071871630397e-01,2.236511165259969847e+00,-5.608280511701922988e-01
-1.267366013280795123e+00,3.727485689666183433e-01,-7.416088585639842024e-02,-5.999613261796943320e-01,-4.573633664830861756e-01,9.295995817496494062e-01,-2.465474881090913284e-01
1.839566656732872785e+00,-2.973707873619904074e+00,7.114036199470907817e-01,-1.052595859065723616e+00,-2.523766698530252039e-01,-3.738512912896771456e-01,-1.397541884888185010e-02
-1.222879270410802244e+00,2.468548734134399236e-01,-4.913464754281911262e-02,-7.142476427887193280e-01,1.022264231224893294e+00,-5.384812033068703263e-01,4.651417675587996015e-02
7.583022916484324361e-01,8.965541598037537474e-01,-2.598946229547547393e-01,5.177102938821465550e+00,3.370322209143985059e+00,1.914463013434122729e+00,3.351926367994630063e+00
-1.484395464173753343e+00,-2.588719510727219286e-01,1.019324024956004271e-01,6.243648641260708398e-01,1.520373499369990500e-01,-2.110726577970270412e+00,1.070746870876458479e+00
7.215790735970974978e-01,-1.206899390792251836e+00,4.206466789210943080e-01,-4.899769256724536004e-01,-1.110156626815911540e+00,1.256408811426131811e+00,-6.556931264158113448e-01
1.716522637856648381e-01,-1.410091843076112461e+00,4.441321274284571463e-01,1.269771453088171853e+00,9.414164744002170848e-02,-1.686611504626997160e+00,-3.055310574032301107e-01
-1.791462537733864879e+00,2.130930254315617500e-01,-5.072976591686924157e-03,8.320415232408989725e-01,-1.346365571597635258e-01,-1.637344642044380461e+00,4.632672246138196392e-01
-1.883904389804153812e-01,-1.164568263678617654e+00,2.562870980862466119e-01,-9.261305270934510059e-01,1.004395295280194222e+00,-9.797642247859245090e-01,2.412763697239042257e-02
-2.288443904442624688e-02,-1.455958485295452354e+00,4.872006490204079387e-01,8.665646906716342190e-01,-1.209270514240718519e+00,-8.908428551378893001e-01,4.108498360811430605e-01
7.805375603416935260e-01,-1.601733160583489246e+00,4.320301887650780381e-01,-5.712505870734313485e-01,-7.281998522493569048e-01,8.150229261755831400e-01,-5.997616790902057238e-01
6.621130702480224617e-01,-1.121051226434174986e+00,9.315774965314464751e-02,1.589052901485211305e-02,-1.035959307683777642e+00,1.933338679780371550e+00,-8.875246098787185067e-01
-1.306660026616484283e+00,5.000202247994662841e-01,-5.645738663976205586e-03,-1.157822917141186014e+00,5.216288081488437145e-01,-5.627635167773822333e-01,8.944134266984981041e-01
4.798504755193884197e-01,4.079881821252318574e-01,2.844017359001184686e-01,-2.813237470391619088e-01,1.049972257212221205e+00,-5.104847654733262186e-01,-7.782891628894395009e-01
1.617998635215987802e-01,-8.757593811210202528e-01,-3.634125185874639147e-02,-2.114939867368002435e+00,-3.463270499882135645e-01,-1.229496587169591759e+00,1.823532367464761661e+00
-1.510418993688923850e+00,9.672696059387172474e-01,-3.109033123318476477e-01,-2.186582586770467393e-02,1.298842988982400248e+00,8.091019905955798563e-02,-8.569998121439690308e-01
-4.592031511282129719e-01,-4.202929188143212924e-01,7.821503397334905738e-02,-6.405415149025356358e-01,-6.500501728748935282e-01,8.735168829589022854e-01,-4.149979069473523352e-01
-2.042625241182522977e+00,1.405167879416508336e+00,1.824993129917718560e-01,-1.333522376888284011e+00,-4.735713357800461210e-01,3.293745149237558567e-01,1.362828420773954274e+00
2.071785168526698584e+00,-2.327512585061398909e+00,4.851270862912618886e-01,1.987727440546454671e+00,-3.997956119254156282e-01,-2.176107119047035465e-01,8.788451566166051165e-01
-2.014406819975686769e-01,-6.978611684607710641e-01,2.555964358326338060e-01,-5.068725819218765638e-01,7.911972782342677757e-01,-1.204138450386814524e-01,2.212422887389681458e-01
-1.169427359563443847e-01,-1.247852431129296447e+00,3.265661721127678385e-01,1.130224177132620467e+00,-2.135477566754683920e+00,2.234557583599172947e-01,-2.251627371496743024e-01
-1.715709023126495092e+00,9.831061013341421129e-01,-2.788671947454580136e-01,-2.716858002485008639e-01,-1.888544945055549082e-02,9.099353887648671257e-01,-1.023033686166807232e+00
5.900212002016320678e-01,-6.389019886814325533e-01,-8.538297610128897652e-02,-1.182493393077829635e+00,-1.020474804234536181e+00,2.725614970312719709e-01,2.615375678600847520e-01
-9.336620093932734843e-01,-5.517425083133320474e-01,2.620624522017092617e-01,7.723583755897525105e-01,-1.483983476384261202e+00,-6.438654245194823655e-01,4.020563195572114945e-01
-8.136511412437741342e-01,-2.786802703409572701e-01,-6.054217799104913075e-04,-5.645885088878322966e-01,1.012242156790832182e+00,-4.450278484971714188e-01,-3.736637911648154620e-01
-1.775009018488654222e+00,9.966059226167894858e-01,-2.090578461360178553e-01,-4.536288140822742343e-01,-2.972065417883680838e-01,1.101799276511933989e+00,-1.243993227003992036e-01
5.670651569571499850e-03,-1.623835445937519051e+00,3.828600784636164711e-01,6.040132937142242975e-01,-1.026180213667659213e+00,-1.420679536843675539e+00,5.993233052270784400e-01
1.301556706324703772e+00,-2.426383477107600939e+00,5.300665354825028208e-01,-4.476112528715310845e-01,4.637411867498428819e-01,-9.890750725346622585e-02,-4.577163572001056724e-01
9.621174310799015528e-01,-1.986897506627772092e+00,3.704684060376398635e-01,-6.315383178102427220e-01,4.879223205492663196e-01,-2.808014384359989735e-01,-6.140819136315892046e-02
-1.712290374398904302e-01,-1.200069137703958511e+00,3.359779494330323857e-01,-1.054925895153720816e+00,5.858092958287237639e-01,-6.719072183229408690e-01,5.589600633047089318e-01
-9.052625925805684037e-01,1.133887973950578054e-01,1.734132041528789747e-01,-1.203034370824770161e+00,4.832131934109196725e-01,-6.517460730490698406e-01,9.327364439150288566e-01
2.151029456981877197e-01,-1.132706455559514547e+00,2.901842292781801613e-01,-9.526428850500430201e-01,-8.823770799310927115e-01,5.985700693435765940e-01,5.116748296405663858e-03
-2.096186640460923900e-01,-1.144684777333560000e+00,3.055210994377177691e-01,1.135586914034818484e+00,-2.112101611167235049e+00,2.285433373749171104e-01,-2.025886313206583522e-01
-1.498844544055907724e+00,1.813643346706816373e-01,-3.195722496224364662e-01,1.500595792067438428e+00,1.159154977215455462e+00,-2.060161002483142934e+00,-3.859974413315609421e-01
-5.551484872972927143e-01,1.316478116431885059e+00,-2.211800498921900060e-01,5.810680291201233416e-01,1.308076384960212390e+00,9.690469332300687411e-01,7.833907538851099528e-02
-7.246639025951806534e-01,-7.902490489631586179e-02,2.526075381716422763e-01,-1.215624250177486543e+00,4.843492759464758102e-01,-6.975339726863296619e-01,9.398035413393877047e-01
-1.794621332982268669e+00,7.543869837565961856e-01,-2.151594035487553180e-01,-6.411505696823991407e-01,8.805459210055343044e-01,-1.792717208080987779e-01,1.348785314796522583e-01
3.250670790214941874e+00,-5.627172797853721153e-01,-4.519923067136785155e-01,2.320190239699480017e+00,2.149237512925293192e+00,2.703555876766386312e+00,2.606702960211237041e+00
1.167359409711077323e+00,-2.376904658448049990e+00,6.373344512483536395e-01,-9.985579239940645113e-01,-4.412189193390655406e-01,3.280496001628374625e-02,1.359899091004477811e-01
-2.279206720330062552e+00,1.233500233486188424e+00,-2.927465554882958676e-01,1.426616827360940976e+00,-8.441026284165951132e-01,-2.811890110579007840e-01,-5.850074165939814774e-01
2.271467839589779714e-01,-5.695406609056963276e-01,5.849737286264640179e-01,1.044663219737393067e+00,-2.260581538764631748e+00,1.150242491351693985e-01,-2.159283481114445541e-02
1.208165785039985618e+00,-1.080173031117291238e+00,-6.600335999513522456e-01,9.247282022691361708e-03,5.635679152668844338e-01,1.537748445981831913e-01,-1.555016147392688897e+00
-1.386643472861607940e+00,3.791256332338212576e-01,-3.484050519633345028e-02,-6.557800498788413091e-01,1.301144004491024297e+00,-6.988749064901113028e-01,-5.143719943250248811e-02
2.060037598911885315e+00,-2.259707139657959551e+00,1.189671876950525231e+00,-1.022279345176114518e+00,-3.885638664949379595e-01,-3.166191833751859641e-01,-5.889919715431649050e-02
-3.548976482565283641e-01,-2.757438375892177773e-01,1.705187918992969176e-01,-3.409213299867409064e-01,1.032074695746717785e-01,5.361331917630476340e-01,-7.683348285478114326e-01
-1.348211109998993296e+00,8.024682642555940326e-01,1.819408792134900865e-01,-6.951506424234762394e-01,-8.018707077033929709e-01,1.469149226145441078e+00,1.347518455905509560e+00
-2.165979737897458790e-01,3.816661746439046349e-02,7.136123227958757198e-01,-6.968707715362277844e-01,-7.517227450831905911e-01,8.780386082908625545e-01,-9.989036471518839000e-02
-1.431509741268583102e+00,1.652075695511083242e-01,-7.318302740540991169e-02,1.200781015583788136e+00,-1.403466549430902210e+00,-1.608514941461850478e-01,-2.869847438435011999e-01
2.522253030352627490e-01,-8.154627371406957259e-01,2.577663348528283493e-01,-6.369239354035243217e-01,1.689769567215178847e-01,-1.422961695612994515e-01,-1.006851509619400398e+00
-1.690216744583484587e+00,6.563869957108172670e-01,-1.476552066349273717e-01,-7.416785224267598009e-01,7.885921961213785414e-01,-2.875570667694575255e-01,2.709531194957675443e-02
6.074551701209117693e-01,-2.196813016891104198e+00,1.019597456724085527e+00,-2.057803668069068781e+00,-2.404832062453949870e+00,6.940277750648244925e-01,1.666944333420258939e+00
-2.123831603495936471e-01,-1.180096243964747549e+00,3.445231689432914357e-01,1.039292556691138847e+00,-2.067063577282620912e+00,1.259627598713624133e-02,-3.459876356403905895e-01
8.776606669994362342e-01,-1.414532024155892964e+00,4.522978172454334561e-02,6.933960481588305122e-03,1.500623640215876797e-01,8.045894531359213397e-01,-9.050201224416738466e-01
3.230321156958358975e-01,-4.823842991024999138e-01,5.836534943538880249e-01,-4.486617201742965633e-01,-5.930388854792688624e-01,1.086206672883877955e+00,1.738887223383904779e-01
2.831899242498248648e-01,-1.076686179893921347e+00,1.453082659062597815e-01,-6.474316593929522190e-01,5.330795573194460069e-01,-3.354298188730960306e-01,-3.500819542303107990e-01
-1.016301848291601528e+00,2.748638028750780560e-01,6.744065429768288100e-02,-5.372786273431240378e-01,-6.892661681235144888e-01,1.145766297192204686e+00,-4.211130227440492146e-01
-1.353206424464326596e-01,-1.197062066136103553e+00,3.490423762334990965e-01,-1.000020123677529016e+00,-2.096162243211486809e-01,3.441526359347923947e-02,1.467885399792505097e-01
-1.284985842504966946e+00,4.126762585304322162e-02,1.661816057329562057e-01,9.499135971050040039e-01,-1.733267890302916614e+00,-1.186725080744420180e-01,3.462367116068348905e-01
-1.540700644809586795e+00,1.086177277447855749e+00,-2.860854262101177325e-01,-1.964242947580357168e-01,7.491005908097668475e-02,9.122371949550199810e-01,-9.222824971054457421e-01
1.135368010106619252e+00,-2.651414481855903116e+00,7.358708981010562145e-01,9.639015753881484683e-01,-1.792229065242500585e+00,-5.503479062541389855e-01,-3.243394530617119131e-01
-2.640169141062855829e+00,1.505115551601902357e+00,-5.105285885339863050e-01,1.534450723670751637e+00,-2.208028682357593975e-01,-5.771747923207901643e-01,-3.684521608366493894e-01
-1.011898653002558213e+00,1.170081320568419070e+00,-4.065567860104009612e-01,7.731232103609400053e-01,2.091574250127854473e-01,2.324496365105411133e+00,-2.008446805955197423e-01
6.994066344236297972e-02,2.021137657908465890e+00,7.610860060826805107e-01,-4.097988135351721128e-01,8.760983010167198159e-01,-4.521002991487411693e-01,-2.855613204290818885e-01
1.198310821730892650e+00,-2.008755989848417745e+00,3.584160281332202658e-01,8.396187982311642539e-02,7.261481711140831408e-01,4.798811221495475898e-01,-4.764152868411067887e-01
-1.733903060809804941e+00,1.350322615812699967e+00,-4.255635365336378761e-01,1.781173979022233345e-01,-7.754113756969704951e-02,1.709475834336748656e+00,-6.728122975095646163e-01
-4.537573611184380074e-01,-5.238581376026489878e-01,2.302471390430988613e-02,-4.103487890078032496e-01,1.097398135157784810e-01,4.121902273697731212e-01,-9.788572925253589130e-01
-3.242034588320486660e-02,-1.003635551637215517e+00,5.038992143168571913e-02,-2.528535878591864350e-01,1.358887605632086881e+00,-5.172663787107716349e-01,-8.425174286265031398e-01
-9.467481784843398973e-01,6.650836164154956542e-02,9.379014405173216606e-02,-6.701198905413912055e-01,-8.543727440837622922e-01,1.100311534070711028e+00,-3.836533133785263727e-01
-1.999960999383564531e+00,1.497475358458703498e+00,-6.530428511744527931e-02,1.616123626265008495e+00,-3.035421754735139199e-01,-4.469366295852045812e-01,-7.293190085261927469e-02
-1.562369505979178952e-01,-1.268018019495384952e+00,2.969602071813816635e-01,-9.741505944433663799e-01,7.496765689987689996e-01,-8.051282046242037582e-01,8.331251086300822672e-02
-1.058338562096199365e+00,-9.866392725562060650e-02,1.004554911941419326e-01,-8.336678784284299315e-01,5.057449038049214307e-01,-2.117926274322535496e-01,2.338641329091441512e-01
-1.632829525644470481e+00,1.211789225447284846e+00,-5.476661406913205798e-01,-1.027301730105728284e-01,1.238120008914178338e-01,1.015699440215040550e+00,-9.229612455673341653e-01
-6.377209601247463278e-02,2.834665320592701931e-01,1.012626127873084148e+00,1.555198359655996398e+00,-7.557240951476367208e-01,-5.365899780068416058e-01,-3.899660944258587225e-01
3.895026235180951701e+00,8.834948526131348734e-01,-2.845921458598771880e-01,-1.620683903113256108e-01,6.520598994812759619e-01,-9.430245552180839264e-01,-1.087318966244449570e+00
-5.461637181550678122e-01,-6.933784627653984955e-01,1.218695172906551216e-01,-8.556132389568458230e-01,1.334148772256469995e+00,-1.099644306656003545e+00,1.557358613208779941e-01
-9.938416899974187313e-01,-2.592700995677741371e-01,1.083218592936968094e-01,-9.305968757483531473e-01,8.198342328162534498e-01,-5.892406832837985275e-01,4.979750852203229661e-01
2.313555245482858069e+00,4.985695564146709335e-01,2.990843706190892348e+00,-5.939879096976986572e-01,-1.643137312541040007e+00,1.079671961433381622e+00,-8.879247124332129149e-01
-6.008709712706183925e-01,1.377149043989828625e+00,3.818982284407586025e-01,-6.940320843270727513e-01,1.721881710736928306e-01,1.044091812910008105e-01,3.485175921856060177e-01
-8.605926665773157014e-01,-5.194717780085061909e-01,1.847848443346774006e-01,1.020339788703038542e+00,-1.645188631992195560e+00,-2.166508866509610498e-01,5.575327902773258987e-02
-2.204852608194218522e-01,-1.092316252159584611e+00,3.642328307901996909e-01,-1.210046255456514563e+00,1.206857116810420016e-01,-4.223474771943434014e-01,8.126114681159980480e-01
4.402251802020720195e-01,-1.952965008770809030e+00,5.760220866656790006e-01,9.419396673900038985e-01,-2.354448648450471193e+00,2.951300630600512190e-02,-3.468120335063015203e-01
-1.480957795999494619e+00,4.558210389324920397e-01,-1.722498366707544970e-01,-5.047376186497191108e-01,1.385591902915710216e+00,-5.890805458787297111e-01,-3.097979292557629938e-01
6.012370229570965785e-01,-1.280328752726757946e+00,5.947200706019670768e-01,-4.965064602135680905e-01,-2.011918465328752070e+00,2.249082653658950992e+00,-1.013023531672615496e-01
-1.930941906660179619e+00,1.193239011474226841e+00,-1.286831054629620219e-01,-5.090593428160606893e-01,2.833285380615821469e-01,5.876839740778495580e-01,1.912547653692500960e-01
-9.890454862733190078e-01,1.486076888697732246e+00,4.366564506570959070e-01,2.106423906674603774e+00,5.912231030933445819e-01,-6.252927430580386137e-01,3.772109191335167866e-01
3.958123040917867902e-02,-1.237565254569758633e+00,3.806598120006496333e-01,-9.114551919155485793e-01,9.199106168384547921e-02,-1.396607080416082391e-01,1.404261442594598730e-01
-2.099592036219391833e+00,1.228642036054176101e+00,-3.032500744448560770e-01,-4.944915750057422010e-01,1.220057079709010228e+00,-3.082131993695224614e-01,-1.912043530441950023e-01
-1.125846623129161506e+00,3.523848544267474958e-01,1.352505626826076834e-02,-5.294217795490486766e-01,-5.236455828357607922e-01,1.035183823248493562e+00,-3.739740625648603212e-01
7.772092924120056479e-01,-2.135609755658224085e+00,5.785127573722322891e-01,1.340359717812282359e+00,-1.311566466892284177e+00,-3.608883258454856913e-01,-2.659347596592021579e-01
-1.691678953804118812e+00,1.300759673491636459e+00,-1.687163004937608790e-01,-1.016860692894213658e-01,-3.643151164279376242e-01,1.665243490524034975e+00,-1.481026459967251241e-01
1.272812946895100425e-02,-2.278035462110031550e-01,1.896329326064411791e-01,-7.777517312892560097e-01,2.315042636572057499e-01,-1.968342320112701493e-01,-6.857465285719034631e-02
-1.112030903716606234e-01,-3.197931429856771257e-01,3.590767323532035316e-01,-5.227660894327271768e-01,-1.368985267645871917e-01,6.478977028374354186e-01,2.011544649411881325e-01
1.178398561046954951e+00,-2.225971811356514340e+00,5.426329817798133393e-01,8.890809772969546776e-01,-1.892274712364955036e+00,-4.166527283645064528e-01,6.311029751369189311e-01
-1.047486088416527572e+00,-1.235367907012956817e-01,1.048887533619869278e-01,-8.405328248472326846e-01,5.217797226061152704e-01,-2.353558944548589382e-01,2.433944822363260096e-01
-1.450378379036181276e+00,4.494381844534327541e-01,7.591524555633510918e-02,-9.870036598899563085e-01,-1.023530162729953397e-01,2.421836393788502073e-01,5.934073065176014294e-01
-8.826615289355734806e-01,-7.654047658623210904e-01,-4.507324046905190895e-02,1.155958164537879584e+00,1.110387891902199220e+00,-2.505584978882943403e+00,9.408707729411543152e-02
-1.034423312249542537e+00,1.412661096596939947e-01,-3.218875561024648127e-03,-5.752867682230805579e-01,1.410242324943790759e+00,-6.593728434252386084e-01,2.814674435481014925e-01
-8.295575500999714524e-01,-6.441081498792621263e-01,2.258465969055341860e-01,8.698938428338107709e-01,-1.315779325018583190e+00,-7.205201264162426344e-01,1.705508802121007972e-01
2.052856158860851821e+00,4.260512150784423469e-02,-9.008562000223462318e-01,3.717116806750944580e+00,1.422352953461867076e+00,8.568116049380490873e-01,2.145378974844014408e+00
-1.516083914988290537e+00,3.545638678109406250e-01,-1.683799268575975616e-01,1.473576696731280888e+00,-2.703475723922870722e-01,-8.081727376269478569e-01,-4.386987321275461760e-01
-1.752949248294964013e+00,6.949838651867872308e-01,-2.098185266517612335e-01,-6.525513793821821062e-01,8.656082546860861537e-01,-1.836720254094912075e-01,1.535418723711911015e-01
-1.285479350270860355e+00,7.579809535551649269e-01,-5.074786519954436192e-01,-1.921210936809618908e-01,8.775734606744926003e-01,1.845118805092780812e-01,-7.298137389912090489e-01
1.992150302401951290e-01,-6.713445829878141868e-01,1.834366101233033675e-01,1.491850505603788291e+00,-1.086649315754336209e+00,-1.609116972251247446e-01,5.058005513542556120e-01
-5.785622535254286714e-01,-1.107475893250419452e-01,-8.834323611041014490e-02,-2.872561959323912881e-02,2.230789757648776739e-01,9.560994172008044911e-01,-7.444208183375286003e-01
-9.623147945670049719e-01,-3.390407738817059480e-01,1.103395009282424899e-01,-9.835276569385034140e-01,9.950013267324562261e-01,-7.972193177846158552e-01,6.475924970175844786e-01
2.837420087717273248e-02,-1.548405451589322412e+00,4.798420163146671635e-01,8.547155398720841513e-01,-1.063572757373539623e+00,-1.037992378163640206e+00,4.532770735521335359e-01
7.446472704431538192e-01,2.555064732399494054e-01,-2.657856699276808787e-01,1.109149499162313646e+00,2.186591306860319328e+00,7.352909006239494172e-01,-4.921171872000523057e-02
-1.581261804654290559e+00,2.322401773730234931e-01,-1.454020569573780952e-01,1.280044755518150890e+00,-2.491257389370007402e-01,-1.100318024335681599e+00,-4.028827997339984868e-01
-1.852629843625883899e+00,8.956908219851966724e-01,-1.384873211145216665e-01,-7.629075165332461772e-01,7.263048589827926227e-01,-1.682574998935010002e-01,3.685233070709748038e-01
-1.773778280735247848e-01,-1.180255182390406166e+00,3.387414606111988635e-01,-1.019845574896809381e+00,-1.747117637713348770e-01,-1.247417509113727882e-02,1.792471879490208364e-01
-4.652814777424101322e-01,-5.018201917055307160e-01,5.425390801202707031e-02,-4.424048559901028188e-01,1.007415968940162387e-01,4.150415413852865942e-01,-7.888691359544682813e-01
-1.239884477514470174e+00,-9.258309947908510695e-02,2.552501910781321964e-02,1.199675070048374259e+00,-5.922272127704356626e-01,-9.069991984162163456e-01,-5.638190127491683745e-02
1.878415836559389929e+00,2.915957933966211724e-01,-1.751315045512943369e+00,-1.138908788037769071e+00,-1.350637818972821425e+00,1.659631641488609199e-01,1.687869844816590748e-01
-1.877972315344733856e+00,1.249151313710167299e+00,-1.851936458061741453e-01,-4.133103073229587032e-01,1.804359873813926041e-01,6.787507011588935768e-01,-3.591796254352140338e-01
1.505762030924298722e+00,-2.327142864054417615e+00,4.373743212787359891e-01,1.340295835159453497e-01,7.662041899222979957e-01,4.643009604614056762e-01,-5.263837689211383619e-01
-6.485502192708657576e-01,-7.471065434692505391e-01,1.101938579749672797e-01,1.219471663002276163e+00,-8.916790475539712046e-01,-6.832242719336600878e-01,-1.818437752553790088e-01
3.606295260880827414e+00,5.388011626096987916e-01,-9.898885093807799906e-01,-1.716524838299864908e-01,6.433575511540647884e-01,-9.023196207899619736e-01,-1.274335018954164234e+00
-4.138178914718547152e-01,-4.519921462152547420e-01,2.260969275101682441e-01,-5.531516819615740488e-01,5.386371524900579466e-01,1.599722505067812175e-02,-7.429675979835646815e-03
-1.997521564526994475e-01,-9.348399878661395324e-01,1.480157693792515106e-01,-5.746997655223290424e-01,7.532899648071760268e-01,-2.748710871838391245e-01,-2.027612765512985804e-01
-1.632066921749435018e+00,1.094483897668019567e+00,-1.250836653971414969e-01,-3.376554559283464485e-01,-3.530888057269777058e-01,1.320143831419767100e+00,-2.365153759915618326e-02
-1.395729143749989687e+00,-1.448355832355724404e-01,5.097451539886762445e-02,8.527206340087568615e-01,-6.117626255518618938e-01,-1.243139462719942800e+00,4.116588898699901633e-01
-7.858204386735404556e-01,-5.856313631967399180e-01,2.010181720351928714e-01,9.344834841500470057e-01,-1.309149167730188301e+00,-6.378732194799011657e-01,1.993759771940392111e-01
-2.886633705137814587e+00,1.613382046168267081e+00,-1.093020682825437268e-01,5.986794776266254337e-01,-7.549755793215618960e-01,-1.047998071694246081e+00,1.427985044130261061e+00
4.408959233700939229e-01,-1.659338173109187853e+00,4.942767097960267253e-01,-8.621166566470044312e-01,2.037728404935730195e-02,-3.835824947591893325e-02,2.206388812937391530e-01
-1.458051198034656215e+00,4.733238992585923066e-01,-2.905780953522302951e-02,-8.842408151281585527e-01,2.057521987386013163e-01,3.268226587033309233e-02,2.461713985347369904e-01
-1.443936196087314938e+00,8.776640043505800071e-01,-2.621381901915017520e-01,-3.962566332972075611e-02,2.966716498134523428e-01,9.725111863695108383e-01,-8.241942419314568502e-01
-1.023183520615990605e-01,-1.433075276359478512e+00,4.244727154947254277e-01,8.442644337353284456e-01,-9.064568545769673413e-01,-1.212619201640469102e+00,3.143118937194516738e-01
3.378653236364539403e-01,-1.138245165070046916e+00,1.688917179130721147e-01,-1.060515916091446353e+00,2.056900963679698657e-01,-5.332922729116795768e-01,2.868885460038693713e-01
8.319763334455345660e-01,-2.573165083323675564e-02,-3.973559229220424011e-02,2.349539183511915874e-01,9.643911675893770963e-02,1.251921117560183649e+00,-1.915513075410034405e-01
-1.132817671521734182e+00,1.432902400555815525e-01,5.711180928267062251e-02,-7.983456329472986557e-01,-1.914266884806753721e-01,4.786543277473196967e-01,2.469350579138429036e-01
-1.454718498390159986e+00,4.629491056846119501e-01,1.653738350332617513e-02,-9.288760002241617242e-01,7.192626843310909179e-02,1.236794799518943222e-01,3.969937999651383387e-01
-5.451364573998584984e-01,1.021261902998382487e+00,-2.649084973432895285e-01,-6.235347715646176736e-01,1.035604453652930301e+00,-5.213821372079195937e-01,6.039735680078403002e-01
-9.994205511283422716e-01,-4.214863669175424321e-01,-4.862103682449737951e-02,1.326936538332493143e+00,-2.437809442238338120e-01,-1.091666397536861677e+00,-3.297894621215491928e-01
3.920659510907762435e-01,1.298953808413112476e+00,1.954797766729777342e+00,1.293859986142764207e+00,-6.725841551279450048e-01,-1.098809263454820551e+00,3.672112686082285114e-03
-1.336480771544427348e+00,1.368634096274539691e-01,5.359966356846680019e-02,1.232712545320642894e+00,-1.634112818850021576e+00,1.134255795756946850e-01,-1.625802036700914055e-01
-3.426483138283974439e-01,1.213186027520619381e-01,-2.443170847398737633e-01,-3.079497744779452484e-01,4.951257258169541875e-01,3.610339175820918567e-01,1.039144008170889664e-02
-1.298337677258070144e+00,-4.235319957571267308e-02,7.982807097258237672e-03,-1.427594821106995537e+00,1.024341934642779117e+00,-1.319607996776693826e+00,1.222164527330895201e+00
5.501489597460598624e+00,3.462044441427685637e+00,-5.909266362334586020e+00,-3.975545338871971368e-01,-1.443323741557350548e+00,-1.749394078059158808e-01,-8.408203214795099134e-01
3.815751182421637799e-01,-1.230530739838810117e+00,4.386697531733626532e-01,-5.317088894920887210e-01,-2.922869142711838619e-01,5.577479059365376690e-01,-5.719572738596525596e-01
5.179707867380177966e+00,4.617242264267769514e+00,3.122076961660670946e+00,-1.158881141662057024e+00,-1.527334624180048728e+00,-8.255300981635469437e-01,-2.080190687476796696e-01
-1.811806915993613210e+00,1.129089944076310470e+00,-2.461943350442658274e-01,-4.443981592746967246e-01,-4.475264564332572248e-01,1.235059384443960573e+00,-1.996191932285934223e-01
-1.717000070401861755e+00,1.604999733579707266e+00,6.439248294879780510e-02,1.858674360539397830e+00,-5.298141155797073815e-02,-3.859758707317503812e-01,-1.291652560608153866e-01
-1.287215825331284424e+00,-5.730540954070960369e-02,-2.263477730034648035e-03,-1.421051987126351390e+00,1.034681414896799101e+00,-1.327091700231604277e+00,1.196595533074855222e+00
9.941040250139738799e-01,-1.172460391533988622e+00,-4.402428128236360316e-01,-1.753126310274058172e-02,1.377828426269349871e+00,-6.044097975651492316e-01,-1.668386470110461373e+00
-1.152620526560823810e+00,1.549393384044459865e-01,5.513897324620730539e-02,-7.802362475237902828e-01,5.730199619393475108e-02,2.713097194816178614e-01,1.923883332536758251e-01
-1.872328734499025260e-01,-6.435393447046641180e-01,2.171649118124481803e-01,-9.369176876913527519e-01,9.773862461213584166e-03,-4.132910963648347979e-02,4.152762403408546965e-01
-1.399707028963981248e+00,7.865362667261835972e-01,-3.804367196611270208e-01,-2.488465227115932432e-01,7.141567022634017770e-01,2.528017733068685935e-01,-8.377795490874464512e-01
-1.078510925335554704e+00,-5.243074106795229949e-02,9.221503123775667832e-02,-8.209074519241761347e-01,4.759397000437908254e-01,-1.679936931509137810e-01,2.161493082433200708e-01
-1.807525691464535456e+00,9.708049059714422002e-01,-1.844213856414438912e-01,1.694754877108282987e+00,-1.344922014982204983e+00,6.777472977307905655e-01,1.697518432532961752e-01
1.146312332600521788e+00,-2.225382210537903749e+00,4.570734746902600509e-01,-5.317312828437388283e-01,4.748005580318631624e-01,-1.820976725939283947e-01,-2.764626912453785890e-01
7.569865480066627350e-02,-1.744088604532584075e+00,3.704231790571612115e-01,5.435709383889163471e-01,-9.411019082415265080e-01,-1.576221085788954923e+00,7.004195984830441368e-01
1.640288162959047558e+00,1.451649123918792028e-01,-1.136845585972973582e+00,1.058284307426127668e+00,1.969105859126746294e+00,8.792320198529850472e-01,1.176187578169546777e+00
-1.362921466027589568e-01,-1.214626561692784490e+00,3.547306720380906109e-01,-1.091889815886302184e+00,4.445407086667763075e-01,-5.864122679378493963e-01,6.454164297861690880e-01
5.266252084256526356e-01,-1.080647903225604445e+00,3.636314947989375268e-01,-2.918595498866504157e-01,-1.085045432382441222e+00,1.571587454409267837e+00,-7.278345742898039150e-01
3.802262261858737613e-01,-1.328685371788676850e+00,1.227500625096902415e-01,-2.649436024203402629e-01,1.302080817103341781e+00,-3.507572288870724475e-01,4.440766923647165160e-02
-1.685854447947253476e+00,1.270071079138652470e+00,-3.133508000911941482e-01,8.269043603160469713e-03,-1.792104026698517205e-01,1.593239141795367964e+00,-4.374872254090306778e-01
-1.836975796332891431e-01,-8.221889604585714828e-01,2.573534628552380243e-01,-9.632685345164577750e-01,-5.326293998971133592e-02,-2.923492033496336018e-02,3.330579353346506677e-01
-7.605982132218767067e-01,3.263329335871251735e-01,4.574895357825715658e-01,-8.287306619439944733e-01,-1.231196066921949606e-01,2.791698010280225239e-01,2.592008464148554125e-01
3.696468565468631340e-01,-6.127291568581494374e-02,-7.525705301958902915e-02,1.576622658059090076e+00,2.624104586083440882e+00,1.543348665871346892e+00,1.515903418098476951e+00
-1.895578723715462877e+00,6.624469594404511774e-01,-3.328485784507432821e-01,1.507621434082984768e+00,-6.198206569948912920e-02,-9.362347713125395154e-01,-6.657001690697906815e-01
2.164335658846447963e-01,-1.828791597798448354e+00,6.078693027208874611e-01,5.332811565637739504e-01,-1.500546274715366835e+00,-1.119367679555055783e+00,6.190538153235398688e-01
-3.473260740059549434e-01,1.502729055295297933e-01,3.737615263562870105e-01,-1.126957027991661642e+00,-1.264468969132932052e+00,8.122188480018220913e-01,4.517863610411285702e-01
-9.099753236267978940e-01,-2.934158249790667083e-01,-1.228617478134527014e-01,-4.775760269904014144e-01,1.679232727334513342e+00,-9.090672941562681908e-01,-4.032211571308426667e-01
-1.916838136511435919e-01,-1.136350030107185161e+00,5.866791423223565172e-01,7.989928004528807914e-01,-2.094350061857448431e+00,-2.091228090367054093e-01,2.298262074558165280e-01
1.213918428205837508e+00,-9.361139285065970261e-01,6.163427801114910176e-01,9.353392174419961069e-01,2.271838190364720678e+00,6.272145210615188704e-01,9.385620804959801111e-01
-1.218079968598186680e+00,-2.002248847857917846e-01,7.471841309796631303e-02,1.094713273419471555e+00,-1.212897655865185609e+00,-4.727586308623862865e-01,-7.715149846186675209e-02
-1.605703273779602591e-01,-5.281472253549764906e-01,2.656657004209520001e-01,-7.911239730852814844e-01,-4.194502524909328456e-02,2.008543613876029310e-01,3.383489819775682417e-01
1.992150302401951290e-01,-6.713445829878141868e-01,1.834366101233033675e-01,1.491850505603788291e+00,-1.086649315754336209e+00,-1.609116972251247446e-01,5.058005513542556120e-01
1.706582780728503890e+00,-1.047076135162085420e+00,-1.795914455776275592e-02,7.012187573306053467e-01,1.096220724909804933e-02,1.879273305716191445e+00,-4.530582606167763426e-01
-1.328946523718461892e+00,7.911433853704713526e-01,-8.016428631206028166e-02,2.029089793665066921e+00,-1.371142574446972739e+00,1.026228845807618528e+00,-2.822305049244485109e-01
-1.878396677941568393e+00,1.341705590140479076e+00,-2.886817376082465580e-01,-4.068138376049484362e-01,-8.620656339443298621e-02,9.278824825835089163e-01,-3.243921369694978130e-01
-1.428009938823097569e+00,9.480786607188484982e-01,-4.857757048132102518e-01,-1.820852626355615178e-01,3.746042483233274489e-01,6.627580547182405635e-01,-8.131262855156106140e-01
3.149083079962994858e-01,-6.065426455599183253e-01,6.682387722131910568e-01,-4.437186211023849136e-01,-1.203680210726209232e+00,1.589065771918729997e+00,-1.737214304616518656e-01
-8.053118476679340665e-01,-8.189406429626152617e-01,-2.314381001276802005e-02,1.185107708965921214e+00,9.693133547299458419e-01,-2.367214831543211329e+00,-6.426767114872208864e-03
-2.283102019276102013e-01,2.264043823700975455e+00,-4.691356838962656428e-01,-5.838598342564426114e-01,-8.081950564891577926e-01,9.052695535711322572e-01,6.961176161954070463e-02
1.608264588206803403e+00,-2.967204485197338926e-01,-1.163964865061255072e+00,-5.308406849828368745e-01,2.218761388013543168e-01,-2.608772268642782222e-01,-2.962327427171679850e-01
-7.504072863025790241e-01,-8.050480516667463116e-02,-1.179504452961202265e-01,-3.978471061297714217e-01,4.376316459570561007e-02,5.676853770560010837e-01,-7.857565902773746558e-01
3.967399430091863355e+00,2.853618356271420353e+00,-2.685119987538239883e+00,-5.052493161427518836e-02,-4.875930648552422308e-01,-3.995251026492567248e-01,-3.016554750675724428e+00
-2.247555268480715962e-01,-9.081153884413850630e-01,1.419626062641201336e-01,-5.742879461496662730e-01,7.638367774445423697e-01,-2.818013682786060237e-01,-2.097219312848074280e-01
-1.286501709985422126e+00,3.575769317821739235e-01,-8.572671024499127490e-02,-5.562571586249461797e-01,5.765547665705257341e-01,2.856606525795621701e-02,-3.664833638899422374e-01
9.283686443040413128e-01,-9.197617605854370160e-01,-2.765192602405490696e-01,5.155625123897850104e-01,9.510089875374224677e-01,8.325759120536970759e-01,-7.628201962051578411e-01
6.478995724789832211e-01,-8.891612717692907175e-01,1.219347111262935740e-01,-2.056721588717693450e-01,1.593146010601085516e+00,-6.450185822401192093e-01,-3.283675633498900348e-02
-1.596310576652271829e+00,1.120513519761821453e+00,-1.042300319557385863e-01,-3.082620333818605340e-01,-3.686822530815641041e-01,1.376619289179562999e+00,1.066912021141199190e-03
-8.922085729257142050e-01,-4.129300014488879178e-01,3.289148678571506834e-01,8.777870472563346071e-01,-1.103153423566418212e+00,-8.968072634106043495e-01,1.984473020872287163e-01
2.090859764864729353e+00,-2.406379953812952444e+00,3.470101580095956151e-01,7.319644414611190530e-01,1.322867169457106806e+00,8.583930984806701359e-01,-6.037807934228425766e-02
